CSV-Export;Version: 1.01;Separator: Semicolon

;SENS0710;SENS0710;SENS0710;SENS0710;SENS0710;SENS0710;WRST3C6F;WRST3C6F;WRST3C6F;WRST3C6F;WRST3C6F;WRST3C6F;WRST3C6F;WRST3C6F;WRST3C6F;WRST3C6F;WRST3C6F;WRST3C6F;WRST3C6F;WRST3C6F;WRST3C6F;WRST3C6F;WRST3C6F;WRST3C6F;WRST3C6F;WRST3C6F;WRST3C6F;WRST3C6F;WRST3C6F;WRST3C6F;WRST3C6F;WRST3C6F;WRST3C6F;WRST3C6F;WRST3C6F;WRST3C6F;WRST3C6F;WRST3C6F;WRST3C6F;WRST3C6F;WRST3C6F;WRST3C6F;WRST3C6F;WRST3C6F;WRST3C6F;WRST3C6F;WRST3C6F;WRST3C6F;WRST3C6F;WRST3C6F;WRST3C6F;WRTP3C44;WRTP3C44;WRTP3C44;WRTP3C44;WRTP3C44;WRTP3C44;WRTP3C44;WRTP3C44;WRTP3C44;WRTP3C44;WRTP3C44;WRTP3C44;WRTP3C44;WRTP3C44;WRTP3C44;WRTP3C44;WRTP3C44;WRTP3C44;WRTP3C44;WRTP3C44;WRTP3C44;WRTP3C44;WRTP3C44;WRTP3C44;WRTP3C44;WRTP3C44;WRTP3C44;WRTP3C44;WRTP3C44;WRTP3C44;WRTP3C44;WRTP3C79;WRTP3C79;WRTP3C79;WRTP3C79;WRTP3C79;WRTP3C79;WRTP3C79;WRTP3C79;WRTP3C79;WRTP3C79;WRTP3C79;WRTP3C79;WRTP3C79;WRTP3C79;WRTP3C79;WRTP3C79;WRTP3C79;WRTP3C79;WRTP3C79;WRTP3C79;WRTP3C79;WRTP3C79;WRTP3C79;WRTP3C79;WRTP3C79;WRTP3C79;WRTP3C79;WRTP3C79;WRTP3C79;WRTP3C79;WRTP3C79;WRTP3C79;WRTP3C79;WRTP3C79;WRTP3C79;WRTP3C79;WRTP3C79;WRTP3C79;WRTP3C79;WRTP3C79;WRTP3C79;WRTP3C79;WRTP3C79;WRTP3C79;WRTP3C79;WRTP3C79;WRTP3C79;WRTP3C79;WRTP3C79;WRTP3C79;WRTP3C79;WRTP3C79;WRTP3C79;WRTP3C79;WRTP3C79;WRTP3C79;WRTP3C79;WRTP3C79;WRTP3C79;WRTP3C79;WRTP3C79;WRTP3C79;WRTP3C79;WRTP3C79;WRTP3C79;WRTP3C79;WRTP3C79;WRTP3C79;WRTP3C79;WRTP3C79;WRTP3C79;WRTP3C79;WRTP3C79;WRTP3C79;WRTP3C79;WRTP3C79;WRTP3C79;WRTP3C79;WRTP3C79;WRTP3C79;WRTP3C79;WRTP3C79;WRTP3C79;WRTP3C79;WRTP3C79;WRTP3C79;WRTP3C79;WRTP3C79;WRTP3C79;WRTP3C79;WRTP3C79;WRTP3C79;WRTP3C79;WRTP469F;WRTP469F;WRTP469F;WRTP469F;WRTP469F;WRTP469F;WRTP469F;WRTP469F;WRTP469F;WRTP469F;WRTP469F;WRTP469F;WRTP469F;WRTP469F;WRTP469F;WRTP469F;WRTP469F;WRTP469F;WRTP469F;WRTP469F;WRTP469F;WRTP469F;WRTP469F;WRTP469F;WRTP469F;WRTP469F;WRTP469F;WRTP469F;WRTP469F;WRTP469F;WRTP469F;WRTP469F;WRTP469F;WRTP469F;WRTP469F;WRTP469F;WRTP469F;WRTP469F;WRTP469F;WRTP469F;WRTP469F;WRTP469F;WRTP469F;WRTP469F;WRTP469F;WRTP469F;WRTP469F;WRTP469F;WRTP469F;WRTP469F;WRTP469F;WRTP4Q42;WRTP4Q42;WRTP4Q42;WRTP4Q42;WRTP4Q42;WRTP4Q42;WRTP4Q42;WRTP4Q42;WRTP4Q42;WRTP4Q42;WRTP4Q42;WRTP4Q42;WRTP4Q42;WRTP4Q42;WRTP4Q42;WRTP4Q42;WRTP4Q42;WRTP4Q42;WRTP4Q42;WRTP4Q42;WRTP4Q42;WRTP4Q42;WRTP4Q42;WRTP4Q42;WRTP4Q42;WRTP4Q42;WRTP4Q42;WRTP4Q42;WRTP4Q42;WRTP4Q42;WRTP4Q42;WRTP4Q79;WRTP4Q79;WRTP4Q79;WRTP4Q79;WRTP4Q79;WRTP4Q79;WRTP4Q79;WRTP4Q79;WRTP4Q79;WRTP4Q79;WRTP4Q79;WRTP4Q79;WRTP4Q79;WRTP4Q79;WRTP4Q79;WRTP4Q79;WRTP4Q79;WRTP4Q79;WRTP4Q79;WRTP4Q79;WRTP4Q79;WRTP4Q79;WRTP4Q79;WRTP4Q79;WRTP4Q79;WRTP4Q79;WRTP4Q79;WRTP4Q79;WRTP4Q79;WRTP4Q79;WRTP4Q79;WRTP4Q79;WRTP4Q79;WRTP4Q79;WRTP4Q79;WRTP4Q79;WRTP4Q79;WRTP4Q79;WRTP4Q79;WRTP4Q79;WRTP4Q79;WRTP4Q79;WRTP4Q79;WRTP4Q79;WRTP4Q79;WRTP4Q79;WRTP4Q79;WRTP4Q79;WRTP4Q79;WRTP4Q79;WRTP4Q79;WRTP4Q79;WRTP4Q79;WRTP4Q79;WRTP4Q79;WRTP4Q79;WRTP4Q79;WRTP4Q79;WRTP4Q79;WRTP4Q79;WRTP4Q79;WRTP4Q79;WRTP4Q79;WRTP4Q79;WRTP4Q79;WRTP4Q79;WRTP4Q79;WRTP4Q79;WRTP4Q79;WRTP4Q79;WRTP4Q79;WRTP4Q79;WRTP4Q79;WRTP4Q79;WRTP4Q79;WRTP4Q79;WRTP4Q79;WRTP4Q79;WRTP4Q79;WRTP4Q79;WRTP4Q79;WRTP4Q79;WRTP4Q79;WRTP4Q79;WRTP4Q79;WRTP4Q79;WRTP4Q79;WRTP4Q79;WRTP4Q79;WRTP4Q79;WRTP4Q79;WRTP4Q79;WRTP4Q79;WRTP4Q79;WRTP4Q79;WRTP4Q79;WRTP4Q79;WRTP4Q79;WRTP4Q79;WRTP4Q79;WRTP4Q79;WRTP4Q79;WRTP4Q79;WRTP4Q79;WRTP4Q79;WRTP4Q79;WRTP4Q79;WRTP4Q79;WRTP4Q79;WRTP4Q79;WRTP4Q79;WRTP4Q79;WRTP4Q79;WRTP4Q79;WRTP4Q79;WRTP4Q79;WRTP4Q79;WRTP4Q79;WRTP4Q79;WRTP4Q79;WRTP4Q79;WRTP4Q79;WRTP4Q79;WRTP4Q79
;23326;23326;23326;23326;23326;23326;305049607;305049607;305049607;305049607;305049607;305049607;305049607;305049607;305049607;305049607;305049607;305049607;305049607;305049607;305049607;305049607;305049607;305049607;305049607;305049607;305049607;305049607;305049607;305049607;305049607;305049607;305049607;305049607;305049607;305049607;305049607;305049607;305049607;305049607;305049607;305049607;305049607;305049607;305049607;305049607;305049607;305049607;305049607;305049607;305049607;2110144662;2110144662;2110144662;2110144662;2110144662;2110144662;2110144662;2110144662;2110144662;2110144662;2110144662;2110144662;2110144662;2110144662;2110144662;2110144662;2110144662;2110144662;2110144662;2110144662;2110144662;2110144662;2110144662;2110144662;2110144662;2110144662;2110144662;2110144662;2110144662;2110144662;2110144662;2110180596;2110180596;2110180596;2110180596;2110180596;2110180596;2110180596;2110180596;2110180596;2110180596;2110180596;2110180596;2110180596;2110180596;2110180596;2110180596;2110180596;2110180596;2110180596;2110180596;2110180596;2110180596;2110180596;2110180596;2110180596;2110180596;2110180596;2110180596;2110180596;2110180596;2110180596;2110180969;2110180969;2110180969;2110180969;2110180969;2110180969;2110180969;2110180969;2110180969;2110180969;2110180969;2110180969;2110180969;2110180969;2110180969;2110180969;2110180969;2110180969;2110180969;2110180969;2110180969;2110180969;2110180969;2110180969;2110180969;2110180969;2110180969;2110180969;2110180969;2110180969;2110180969;2110192945;2110192945;2110192945;2110192945;2110192945;2110192945;2110192945;2110192945;2110192945;2110192945;2110192945;2110192945;2110192945;2110192945;2110192945;2110192945;2110192945;2110192945;2110192945;2110192945;2110192945;2110192945;2110192945;2110192945;2110192945;2110192945;2110192945;2110192945;2110192945;2110192945;2110192945;2110626858;2110626858;2110626858;2110626858;2110626858;2110626858;2110626858;2110626858;2110626858;2110626858;2110626858;2110626858;2110626858;2110626858;2110626858;2110626858;2110626858;2110626858;2110626858;2110626858;2110626858;2110626858;2110626858;2110626858;2110626858;2110626858;2110626858;2110626858;2110626858;2110626858;2110626858;2110626858;2110626858;2110626858;2110626858;2110626858;2110626858;2110626858;2110626858;2110626858;2110626858;2110626858;2110626858;2110626858;2110626858;2110626858;2110626858;2110626858;2110626858;2110626858;2110626858;2110018240;2110018240;2110018240;2110018240;2110018240;2110018240;2110018240;2110018240;2110018240;2110018240;2110018240;2110018240;2110018240;2110018240;2110018240;2110018240;2110018240;2110018240;2110018240;2110018240;2110018240;2110018240;2110018240;2110018240;2110018240;2110018240;2110018240;2110018240;2110018240;2110018240;2110018240;2110183843;2110183843;2110183843;2110183843;2110183843;2110183843;2110183843;2110183843;2110183843;2110183843;2110183843;2110183843;2110183843;2110183843;2110183843;2110183843;2110183843;2110183843;2110183843;2110183843;2110183843;2110183843;2110183843;2110183843;2110183843;2110183843;2110183843;2110183843;2110183843;2110183843;2110183843;2110183847;2110183847;2110183847;2110183847;2110183847;2110183847;2110183847;2110183847;2110183847;2110183847;2110183847;2110183847;2110183847;2110183847;2110183847;2110183847;2110183847;2110183847;2110183847;2110183847;2110183847;2110183847;2110183847;2110183847;2110183847;2110183847;2110183847;2110183847;2110183847;2110183847;2110183847;2110183895;2110183895;2110183895;2110183895;2110183895;2110183895;2110183895;2110183895;2110183895;2110183895;2110183895;2110183895;2110183895;2110183895;2110183895;2110183895;2110183895;2110183895;2110183895;2110183895;2110183895;2110183895;2110183895;2110183895;2110183895;2110183895;2110183895;2110183895;2110183895;2110183895;2110183895;2110192909;2110192909;2110192909;2110192909;2110192909;2110192909;2110192909;2110192909;2110192909;2110192909;2110192909;2110192909;2110192909;2110192909;2110192909;2110192909;2110192909;2110192909;2110192909;2110192909;2110192909;2110192909;2110192909;2110192909;2110192909;2110192909;2110192909;2110192909;2110192909;2110192909;2110192909
TimeStamp;ExlSolIrr;IntSolIrr;SMA-h-On;TmpAmb C;TmpMdul C;WindVel km/h;A.Ms.Amp;A.Ms.Vol;A.Ms.Watt;A1.Ms.Amp;B.Ms.Amp;B.Ms.Vol;B.Ms.Watt;B1.Ms.Amp;Error;E-Total;GM.TotWhOut;GridMs.A.phsA;GridMs.A.phsB;GridMs.A.phsC;GridMs.Hz;GridMs.PhV.phsA;GridMs.PhV.phsB;GridMs.PhV.phsC;GridMs.TotPFPrc;GridMs.TotVA;GridMs.TotVAr;GridMs.VA.phsA;GridMs.VA.phsB;GridMs.VA.phsC;GridMs.VAr.phsA;GridMs.VAr.phsB;GridMs.VAr.phsC;GridMs.W.phsA;GridMs.W.phsB;GridMs.W.phsC;Inv.TmpLimStt;InvCtl.Stt;Mode;Mt.TotOpTmh;Mt.TotTmh;Op.EvtCntUsr;Op.EvtNo;Op.GriSwStt;Op.Health;Op.Prio;Op.TmsRmg;Pac;PCM-DigInStt;PlntCtl.Stt;Serial Number;A.Ms.Amp;A.Ms.Vol;A.Ms.Watt;A1.Ms.Amp;A2.Ms.Amp;A3.Ms.Amp;A4.Ms.Amp;A5.Ms.Amp;B.Ms.Amp;B.Ms.Vol;B.Ms.Watt;B1.Ms.Amp;Error;E-Total;GridMs.Hz;GridMs.PhV.phsA;GridMs.PhV.phsB;GridMs.PhV.phsC;GridMs.TotPFPrc;Inv.TmpLimStt;InvCtl.Stt;Mode;Mt.TotOpTmh;Mt.TotTmh;Op.EvtCntUsr;Op.EvtNo;Op.GriSwStt;Op.TmsRmg;Pac;PlntCtl.Stt;Serial Number;A.Ms.Amp;A.Ms.Vol;A.Ms.Watt;A1.Ms.Amp;A2.Ms.Amp;A3.Ms.Amp;A4.Ms.Amp;A5.Ms.Amp;B.Ms.Amp;B.Ms.Vol;B.Ms.Watt;B1.Ms.Amp;Error;E-Total;GridMs.Hz;GridMs.PhV.phsA;GridMs.PhV.phsB;GridMs.PhV.phsC;GridMs.TotPFPrc;Inv.TmpLimStt;InvCtl.Stt;Mode;Mt.TotOpTmh;Mt.TotTmh;Op.EvtCntUsr;Op.EvtNo;Op.GriSwStt;Op.TmsRmg;Pac;PlntCtl.Stt;Serial Number;A.Ms.Amp;A.Ms.Vol;A.Ms.Watt;A1.Ms.Amp;A2.Ms.Amp;A3.Ms.Amp;A4.Ms.Amp;A5.Ms.Amp;B.Ms.Amp;B.Ms.Vol;B.Ms.Watt;B1.Ms.Amp;Error;E-Total;GridMs.Hz;GridMs.PhV.phsA;GridMs.PhV.phsB;GridMs.PhV.phsC;GridMs.TotPFPrc;Inv.TmpLimStt;InvCtl.Stt;Mode;Mt.TotOpTmh;Mt.TotTmh;Op.EvtCntUsr;Op.EvtNo;Op.GriSwStt;Op.TmsRmg;Pac;PlntCtl.Stt;Serial Number;A.Ms.Amp;A.Ms.Vol;A.Ms.Watt;A1.Ms.Amp;A2.Ms.Amp;A3.Ms.Amp;A4.Ms.Amp;A5.Ms.Amp;B.Ms.Amp;B.Ms.Vol;B.Ms.Watt;B1.Ms.Amp;Error;E-Total;GridMs.Hz;GridMs.PhV.phsA;GridMs.PhV.phsB;GridMs.PhV.phsC;GridMs.TotPFPrc;Inv.TmpLimStt;InvCtl.Stt;Mode;Mt.TotOpTmh;Mt.TotTmh;Op.EvtCntUsr;Op.EvtNo;Op.GriSwStt;Op.TmsRmg;Pac;PlntCtl.Stt;Serial Number;A.Ms.Amp;A.Ms.Vol;A.Ms.Watt;A1.Ms.Amp;A2.Ms.Amp;A3.Ms.Amp;A4.Ms.Amp;A5.Ms.Amp;B.Ms.Amp;B.Ms.Vol;B.Ms.Watt;B1.Ms.Amp;Error;E-Total;GM.TotWhOut;GridMs.A.phsA;GridMs.A.phsB;GridMs.A.phsC;GridMs.Hz;GridMs.PhV.phsA;GridMs.PhV.phsB;GridMs.PhV.phsC;GridMs.TotPF;GridMs.TotVA;GridMs.TotVAr;GridMs.VA.phsA;GridMs.VA.phsB;GridMs.VA.phsC;GridMs.VAr.phsA;GridMs.VAr.phsB;GridMs.VAr.phsC;GridMs.W.phsA;GridMs.W.phsB;GridMs.W.phsC;Inv.TmpLimStt;InvCtl.Stt;Mode;Mt.TotOpTmh;Mt.TotTmh;Op.Dmd.PFExtCtl;Op.EvtCntUsr;Op.EvtNo;Op.EvtNoDvlp;Op.GriSwStt;Op.Health;Op.Prio;Op.TmsRmg;Pac;PCM-DigInStt;PlntCtl.Stt;Serial Number;A.Ms.Amp;A.Ms.Vol;A.Ms.Watt;A1.Ms.Amp;A2.Ms.Amp;A3.Ms.Amp;A4.Ms.Amp;A5.Ms.Amp;B.Ms.Amp;B.Ms.Vol;B.Ms.Watt;B1.Ms.Amp;Error;E-Total;GridMs.Hz;GridMs.PhV.phsA;GridMs.PhV.phsB;GridMs.PhV.phsC;GridMs.TotPFPrc;Inv.TmpLimStt;InvCtl.Stt;Mode;Mt.TotOpTmh;Mt.TotTmh;Op.EvtCntUsr;Op.EvtNo;Op.GriSwStt;Op.TmsRmg;Pac;PlntCtl.Stt;Serial Number;A.Ms.Amp;A.Ms.Vol;A.Ms.Watt;A1.Ms.Amp;A2.Ms.Amp;A3.Ms.Amp;A4.Ms.Amp;A5.Ms.Amp;B.Ms.Amp;B.Ms.Vol;B.Ms.Watt;B1.Ms.Amp;Error;E-Total;GridMs.Hz;GridMs.PhV.phsA;GridMs.PhV.phsB;GridMs.PhV.phsC;GridMs.TotPFPrc;Inv.TmpLimStt;InvCtl.Stt;Mode;Mt.TotOpTmh;Mt.TotTmh;Op.EvtCntUsr;Op.EvtNo;Op.GriSwStt;Op.TmsRmg;Pac;PlntCtl.Stt;Serial Number;A.Ms.Amp;A.Ms.Vol;A.Ms.Watt;A1.Ms.Amp;A2.Ms.Amp;A3.Ms.Amp;A4.Ms.Amp;A5.Ms.Amp;B.Ms.Amp;B.Ms.Vol;B.Ms.Watt;B1.Ms.Amp;Error;E-Total;GridMs.Hz;GridMs.PhV.phsA;GridMs.PhV.phsB;GridMs.PhV.phsC;GridMs.TotPFPrc;Inv.TmpLimStt;InvCtl.Stt;Mode;Mt.TotOpTmh;Mt.TotTmh;Op.EvtCntUsr;Op.EvtNo;Op.GriSwStt;Op.TmsRmg;Pac;PlntCtl.Stt;Serial Number;A.Ms.Amp;A.Ms.Vol;A.Ms.Watt;A1.Ms.Amp;A2.Ms.Amp;A3.Ms.Amp;A4.Ms.Amp;A5.Ms.Amp;B.Ms.Amp;B.Ms.Vol;B.Ms.Watt;B1.Ms.Amp;Error;E-Total;GridMs.Hz;GridMs.PhV.phsA;GridMs.PhV.phsB;GridMs.PhV.phsC;GridMs.TotPFPrc;Inv.TmpLimStt;InvCtl.Stt;Mode;Mt.TotOpTmh;Mt.TotTmh;Op.EvtCntUsr;Op.EvtNo;Op.GriSwStt;Op.TmsRmg;Pac;PlntCtl.Stt;Serial Number;A.Ms.Amp;A.Ms.Vol;A.Ms.Watt;A1.Ms.Amp;A2.Ms.Amp;A3.Ms.Amp;A4.Ms.Amp;A5.Ms.Amp;B.Ms.Amp;B.Ms.Vol;B.Ms.Watt;B1.Ms.Amp;Error;E-Total;GridMs.Hz;GridMs.PhV.phsA;GridMs.PhV.phsB;GridMs.PhV.phsC;GridMs.TotPFPrc;Inv.TmpLimStt;InvCtl.Stt;Mode;Mt.TotOpTmh;Mt.TotTmh;Op.EvtCntUsr;Op.EvtNo;Op.GriSwStt;Op.TmsRmg;Pac;PlntCtl.Stt;Serial Number
hh:mm;W/m^2;W/m^2;h;°C;°C;km/h;A;V;W;A;A;V;W;A;;kWh;Wh;A;A;A;Hz;V;V;V;;VA;VAr;VA;VA;VA;VAr;VAr;VAr;W;W;W;;;;h;h;;;;;;s;W;;;;A;V;W;A;A;A;A;A;A;V;W;A;;kWh;Hz;V;V;V;;;;;h;h;;;;s;W;;;A;V;W;A;A;A;A;A;A;V;W;A;;kWh;Hz;V;V;V;;;;;h;h;;;;s;W;;;A;V;W;A;A;A;A;A;A;V;W;A;;kWh;Hz;V;V;V;;;;;h;h;;;;s;W;;;A;V;W;A;A;A;A;A;A;V;W;A;;kWh;Hz;V;V;V;;;;;h;h;;;;s;W;;;A;V;W;A;A;A;A;A;A;V;W;A;;kWh;Wh;A;A;A;Hz;V;V;V;;VA;VAr;VA;VA;VA;VAr;VAr;VAr;W;W;W;;;;h;h;;;;;;;;s;W;;;;A;V;W;A;A;A;A;A;A;V;W;A;;kWh;Hz;V;V;V;;;;;h;h;;;;s;W;;;A;V;W;A;A;A;A;A;A;V;W;A;;kWh;Hz;V;V;V;;;;;h;h;;;;s;W;;;A;V;W;A;A;A;A;A;A;V;W;A;;kWh;Hz;V;V;V;;;;;h;h;;;;s;W;;;A;V;W;A;A;A;A;A;A;V;W;A;;kWh;Hz;V;V;V;;;;;h;h;;;;s;W;;;A;V;W;A;A;A;A;A;A;V;W;A;;kWh;Hz;V;V;V;;;;;h;h;;;;s;W;;
05:45;;;;;;;0;334.67;0;0;0;334.72;0;0;0;37602.34;0;0;0;0;50.05;246.57;245.44;246.43;0;0;0;0;0;0;0;0;0;0;0;0;2;1;7;9304.29;9570.56;978;0;2;2;3;0;0;0;1;305049607;;;;;;;;;;;;;;;;;;;;;;;;;;;;;;;;0.05;292;14;0.01;0;0.01;0.01;0;0.03;292.33;9;0.03;0;119843.77;50.02;244.57;243.3;244.68;0;1;2;7;30865.64;31979.52;4517;0;1;0;0;2;2110180596;0.07;261.1;17;0.03;0;0.01;0;0;0.03;260.78;8.5;0.03;0;96930.4;50.08;245.63;243.25;245.59;0;1;2;7;31030.63;32074.89;3810;0;1;0;0;2;2110180969;;;;;;;;;;;;;;;;;;;;;;;;;;;;;;;;;;;;;;;;;;;;;;;;;;;;;;;;;;;;;;;;;;;;;;;;;;;;;;;;;;;0.03;316.59;8;0.04;0.01;0.01;0;0.01;0.03;316.27;8.5;0.03;0;196708.73;50.02;246.89;245.35;246.39;0;1;2;7;29228.85;29819.85;3074;0;1;0;0;2;2110018240;0.02;398.45;7;0.04;0.01;0.01;0.01;0.01;0.04;398.45;16;0.04;0;137907.13;50.02;245.33;244.32;245.09;0;1;2;7;31827.83;32463.65;5052;0;1;0;0;2;2110183843;;;;;;;;;;;;;;;;;;;;;;;;;;;;;;;;;;;;;;;;;;;;;;;;;;;;;;;;;;;;;;;0.05;311.26;15.5;0.03;0.01;0.01;0.01;0.01;0.02;310.61;7;0.02;0;191074.97;50.08;244.22;242.85;244.27;0;1;2;7;31598.59;32433.56;5139;0;1;0;0;2;2110192909
05:50;;;;;;;0;375.63;0;0;0;401.69;0;0;0;37602.34;0;0;0;0;49.98;246.69;245.69;246.86;0;0;0;0;0;0;0;0;0;0;0;0;2;1;7;9304.29;9570.62;978;0;2;2;3;0;0;0;1;305049607;0.03;357.37;11.5;0.03;0;0.01;0.01;0.01;0.03;357.37;11;0.03;0;109442.89;49.96;245.97;245.07;246.09;0;1;2;7;28745.55;29468.29;3275;0;1;0;0;2;2110144662;0.03;344.34;11.25;0.03;0.01;0.01;0;0;0.03;344.66;11.25;0.04;0;119843.77;50.01;244.76;243.65;245.13;0;1;2;7;30865.64;31979.61;4517;0;1;0;0;2;2110180596;0.06;311.17;17.5;0.03;0;0.01;0;0;0.03;311.01;9.75;0.03;0;96930.4;49.97;246.02;243.79;246.22;0;1;2;7;31030.63;32074.97;3810;0;1;0;0;2;2110180969;0.07;313.79;20.33;0.04;0.01;0.01;0.01;0.01;0.02;260.51;5;0.02;0;103173.3;49.98;245.56;244.35;245.9;0;1;2;7;30109.9;31360.99;4848;0;1;0;0;2;2110192945;0.05;332.37;16.25;0.03;0.01;0;0.01;0;0.02;332.69;7.5;0.02;0;24588.48;0;0;0;0;50.01;247.02;245.66;247.13;0;0;0;0;0;0;0;0;0;0;0;0;2;1;7;4993.47;5128.01;0;195;0;0;2;2;3;0;0;0;1;2110626858;0.01;362.86;2.25;0.04;0.01;0.01;0.01;0.01;0.04;369.66;13.75;0.04;0;196708.73;50.01;246.99;245.51;246.8;0;1;2;7;29228.85;29819.94;3074;0;1;0;0;2;2110018240;0.01;444.24;1.5;0.04;0.02;0.01;0.01;0.01;0.03;454.59;15.25;0.03;0;137907.13;50.01;245.67;244.65;245.69;0;1;2;7;31827.83;32463.74;5052;0;1;0;0;2;2110183843;0.09;322.74;27.5;0.01;0.01;0.01;0.02;0.03;0;0;0;0;0;139571.05;49.94;245.51;244.54;245.97;0;1;2;7;31146.05;32197.57;4702;0;1;0;0;2;2110183847;0.09;327.35;29;0.02;0.02;0.02;0;0.02;0.02;286.34;5.75;0.02;0;156569.53;50.02;245.89;244.09;245.79;0;1;2;7;31541.01;32348.98;4061;0;1;0;0;2;2110183895;0.03;345.28;11.33;0.03;0.01;0.01;0.01;0.01;0.02;344.96;8;0.02;0;191074.97;49.97;244.17;242.98;244.56;0;1;2;7;31598.59;32433.61;5139;0;1;0;0;2;2110192909
05:55;;;;;;;0;383.66;0;0;0;454.43;0;0;0;37602.34;0;0;0;0;49.95;246.8;245.81;246.75;0;0;0;0;0;0;0;0;0;0;0;0;2;1;7;9304.29;9570.72;978;0;2;2;3;0;0;0;1;305049607;0.03;388.49;12.4;0.03;0.01;0.01;0.01;0.01;0.03;388.62;11.8;0.03;0;109442.89;49.96;245.68;244.68;245.7;0;1;2;7;28745.55;29468.37;3275;0;1;0;0;2;2110144662;0.03;396.67;10.83;0.03;0.01;0.01;0;0;0.04;397;16.33;0.04;0;119843.77;49.95;244.9;243.74;245.1;0;1;2;7;30865.64;31979.71;4517;0;1;0;0;2;2110180596;0.05;351.99;17;0.03;0.01;0.01;0;0;0.03;351.67;11.2;0.03;0;96930.4;49.96;246.05;243.72;246.07;0;1;2;7;31030.63;32075.05;3810;0;1;0;0;2;2110180969;0.06;372.41;20.5;0.04;0.01;0.01;0.01;0;0.02;290.98;4.67;0.02;0;103173.3;49.95;245.81;244.54;245.89;0;1;2;7;30109.9;31361.09;4848;0;1;0;0;2;2110192945;0.04;373.47;16;0.04;0.01;0;0.01;0;0.02;373.93;8.6;0.02;0;24588.48;0;0;0;0;49.95;247.11;245.75;247.04;0;0;0;0;0;0;0;0;0;0;0;0;2;1;7;4993.47;5128.1;0;195;0;0;2;2;3;0;0;0;1;2110626858;0.09;364.74;27.4;0.03;0.02;0.02;0.03;0.01;0.04;423.69;14.2;0.04;0;196708.73;49.95;247.22;245.75;246.81;0.12;1;2;1;29228.86;29820.03;3074;0;2;0;10.8;2;2110018240;0.02;473.19;9.6;0.04;0.02;0.01;0.01;0.01;0.05;479.99;23.8;0.05;0;137907.13;49.96;245.87;244.91;245.71;0;1;2;7;31827.83;32463.83;5052;0;1;0;0;2;2110183843;0.05;389.33;19;0;0;0;0.01;0.02;0;0;0;0;0;139571.05;49.96;245.59;244.54;245.88;0;1;2;7;31146.05;32197.64;4702;0;1;0;0;2;2110183847;0.08;377.1;28.2;0.02;0.02;0.02;0.01;0.02;0.02;314.2;7;0.02;0;156569.53;49.95;246;244.17;245.72;0;1;2;7;31541.01;32349.07;4061;0;1;0;0;2;2110183895;0.03;384.92;11.5;0.02;0.02;0.02;0.01;0.01;0.02;383.3;8.67;0.03;0;191074.97;49.95;244.45;243.11;244.56;0;1;2;7;31598.59;32433.72;5139;0;1;0;0;2;2110192909
06:00;;;;;;;0.12;335.13;37.5;0.12;0.06;410.81;23.75;0.06;0;37602.34;0;0.08;0.08;0.08;50.01;247.22;246.02;247.04;0.78;57.75;-17.5;20;18.75;19;-7.75;-4.25;-5.5;14.5;14.5;14.5;2;1;1;9304.36;9570.8;978;0;1;2;3;0;43.5;0;1;305049607;0.03;413.34;13;0.03;0.01;0.01;0.01;0.01;0.03;413.58;12;0.03;0;109442.89;50;246.05;244.91;245.93;0;1;2;7;28745.55;29468.44;3275;0;1;0;0;2;2110144662;0.02;424.66;7;0.04;0.01;0.01;0;0;0.05;425.87;20.25;0.05;0;119843.77;50;245.29;243.98;245.4;0;1;2;7;30865.64;31979.79;4517;0;1;0;0;2;2110180596;0.05;376.53;18.25;0.03;0.01;0.01;0;0.01;0.03;376.13;12;0.03;0;96930.4;50;246.32;243.86;246.24;0;1;2;7;31030.63;32075.12;3810;0;1;0;0;2;2110180969;0.04;414.23;17.25;0.05;0.02;0.01;0.01;0;0.02;312.14;4.5;0.02;0;103173.3;50;246.18;244.75;246.14;0;1;2;7;30109.9;31361.16;4848;0;1;0;0;2;2110192945;0.11;371.6;37.8;0.04;0.03;0.03;0.01;0;0.05;371.6;16.6;0.05;0;24588.48;0;0.05;0.05;0.05;49.99;247.37;245.83;247.22;0.22;37.2;-31.6;12.8;12;12.4;-11;-10;-10.6;6.6;6.6;6.6;2;1;1;4993.49;5128.19;0;195;0;0;1;2;3;0;19.8;0;1;2110626858;0.26;325.52;85;0.02;0.05;0.05;0.06;0.01;0.08;385.7;28.6;0.08;0;196708.73;49.99;247.36;245.7;246.87;0.81;1;2;1;29228.95;29820.12;3074;0;2;0;71.8;2;2110018240;0.17;403.63;67.5;0.01;0.04;0.04;0.01;0.01;0.09;413.66;37.75;0.09;0;137907.13;50.01;246.2;244.97;245.88;0.51;1;2;1;31827.9;32463.9;5052;0;2;0;53.75;2;2110183843;0.05;413.66;20.25;0;0;0.01;0.01;0.01;0;0;0;0;0;139571.05;50;245.88;244.72;246.1;0;1;2;7;31146.05;32197.72;4702;0;1;0;0;2;2110183847;0.12;388.61;45.8;0.02;0.03;0.03;0.02;0.02;0.04;318.02;10.2;0.04;0;156569.53;50;246.22;244.26;245.9;0.08;1;2;1;31541.02;32349.16;4061;0;2;0;9.6;2;2110183895;0.19;358.44;64;0.03;0.04;0.04;0.04;0.01;0.07;355.53;23;0.07;0;191074.97;49.97;244.73;243.31;244.75;0.48;1;2;1;31598.62;32433.79;5139;0;2;0;38;2;2110192909
06:05;;;;;;;0.17;372.39;61;0.17;0.08;474.91;39.6;0.08;0;37602.35;0;0.15;0.14;0.14;49.96;246.75;245.79;246.71;0.84;102.8;-51.4;35.8;33;34;-19.4;-15.2;-16.8;29.4;29;29.2;2;1;1;9304.45;9570.89;978;0;1;2;3;0;87.6;0;1;305049607;0.09;397.29;32.4;0.04;0.04;0.01;0.01;0.01;0.06;394.57;22.8;0.06;0;109442.89;49.96;196.22;195.52;196.32;0.3;1;2;1;28745.58;29468.53;3275;0;2;0;21;2;2110144662;0.17;360.27;59.8;0.05;0.06;0.01;0;0;0.1;389.2;38.2;0.09;0;119843.77;49.96;244.89;243.79;245.17;0.52;1;2;1;30865.69;31979.88;4517;0;2;0;36;2;2110180596;0.08;375.16;28;0.02;0.01;0.01;0;0.02;0.05;374.18;16.2;0.04;0;96930.4;49.96;245.8;243.65;245.87;0;1;2;7;31030.63;32075.21;3810;0;1;0;0;2;2110180969;0.04;431.13;15.8;0.05;0.02;0.01;0.01;0;0.02;322.35;5;0.02;0;103173.3;49.95;196.42;195.47;196.54;0;1;2;7;30109.9;31361.25;4848;0;1;0;0;2;2110192945;0.27;332.04;87.5;0.04;0.06;0.07;0.01;0;0.1;331.48;32.75;0.1;0;24588.48;0;0.16;0.14;0.15;49.96;246.97;245.67;246.96;0.68;108.75;-79.75;37.75;34.75;36.25;-28.25;-25;-26.5;24.5;24.25;24.5;2;1;1;4993.56;5128.27;0;195;0;0;1;2;3;0;73.25;0;1;2110626858;0.46;328.37;151.8;0.06;0.09;0.1;0.13;0.01;0.08;413.21;31.6;0.08;0;196708.75;49.95;246.89;245.46;246.55;0.89;1;2;1;29229.04;29820.21;3074;0;2;0;151.8;2;2110018240;0.24;403.57;95;0.03;0.06;0.07;0.01;0.01;0.12;420;49.6;0.12;0;137907.14;49.95;245.54;244.6;245.36;0.82;1;2;1;31827.99;32463.99;5052;0;2;0;89;2;2110183843;0.28;344.81;94.4;0.07;0.07;0.08;0.01;0.01;0;0;0;0;0;139571.06;49.96;245.59;244.62;245.93;0.48;1;2;1;31146.12;32197.81;4702;0;2;0;50.8;2;2110183847;0.42;342.39;143;0.08;0.14;0.15;0.02;0.02;0.16;277.36;44.25;0.16;0;156569.54;49.96;245.69;244;245.5;0.9;1;2;1;31541.09;32349.24;4061;0;2;0;123.75;2;2110183895;0.34;334.71;113;0.05;0.07;0.07;0.07;0.01;0.11;334.32;34.8;0.11;0;191074.98;49.95;244.4;243.16;244.52;0.8;1;2;1;31598.71;32433.88;5139;0;2;0;99.4;2;2110192909
06:10;;;;;;;0.7;302.57;157.8;0.7;0.35;376.67;97;0.35;0;37602.37;0;0.36;0.35;0.35;49.96;248.29;247.38;248.47;0.97;259.6;-45.6;87.6;85.4;86.6;-17;-13.2;-15.4;85.4;84;84.8;2;1;1;9304.53;9570.97;978;0;1;2;3;0;254.2;0;1;305049607;0.24;350.44;82.2;0.07;0.1;0.01;0.01;0.01;0.15;360.99;54.4;0.15;0;109442.89;49.96;247.27;246.39;247.55;0.85;1;2;1;28745.66;29468.61;3275;0;2;0;84;2;2110144662;0.3;353.22;107.2;0.11;0.13;0.01;0;0;0.16;479.41;78;0.16;0;119843.78;49.96;246.47;245.41;246.92;0.89;1;2;1;30865.77;31979.96;4517;0;2;0;132.8;2;2110180596;0.21;339.95;68.4;0.06;0.08;0.01;0;0.02;0.11;337.23;36.8;0.11;0;96930.4;49.96;247.58;245.38;247.83;0.59;1;2;1;31030.69;32075.29;3810;0;2;0;50.4;2;2110180969;0.19;364.74;69.4;0.04;0.07;0.01;0.01;0.01;0.1;272.4;25;0.1;0;103173.3;49.96;247.25;246.13;247.65;0.6;1;2;1;30109.95;31361.34;4848;0;2;0;45.6;2;2110192945;0.48;344.63;166.5;0.2;0.09;0.1;0.01;0;0.13;350.73;44.33;0.13;0;24588.5;0;0.27;0.25;0.26;49.96;248.38;247.08;248.64;0.87;192.33;-78.83;65.5;62.5;64.33;-28.33;-24;-26.5;58.17;56.83;57.67;2;1;1;4993.66;5128.36;0;195;0;0;1;2;3;0;172.67;0;1;2110626858;1.18;391.66;463.2;0.19;0.26;0.29;0.35;0.01;0.16;427.05;66.4;0.16;0;196708.79;49.96;248.67;247.28;248.59;0.99;1;2;1;29229.12;29820.29;3074;0;2;0;516.2;2;2110018240;0.3;435.5;128;0.05;0.07;0.1;0.01;0;0.18;470.99;83.83;0.18;0;137907.16;49.96;247.19;246.2;247.26;0.91;1;2;1;31828.09;32464.09;5052;0;2;0;168.17;2;2110183843;0.34;344.74;115.4;0.09;0.09;0.09;0.01;0.01;0;0;0;0;0;139571.06;49.96;247.11;246.2;247.69;0.86;1;2;1;31146.21;32197.89;4702;0;2;0;64.6;2;2110183847;1.16;395.17;457;0.34;0.39;0.39;0.02;0.02;0.4;312.6;123;0.4;0;156569.59;49.96;247.28;245.55;247.3;0.99;1;2;1;31541.19;32349.33;4061;0;2;0;537.67;2;2110183895;0.43;335.88;143.2;0.08;0.09;0.09;0.09;0.01;0.14;362.02;49.8;0.14;0;191074.99;49.96;246;244.82;246.35;0.89;1;2;1;31598.79;32433.96;5139;0;2;0;144.6;2;2110192909
06:15;;;;;;;1.29;199.11;255;1.28;0.61;252.6;154;0.62;0;37602.4;0;0.57;0.56;0.56;49.95;247.77;246.88;248.09;1;418.25;-38.25;141.25;137.75;139.25;-14.75;-10.75;-12.75;140.25;137.5;139.25;2;1;1;9304.61;9571.05;978;0;1;2;3;0;417;0;1;305049607;0.81;427.17;353;0.36;0.39;0.01;0.01;0;0.44;452.24;200.25;0.44;0;109442.93;49.95;246.68;245.83;247.1;0.99;1;2;1;28745.74;29468.69;3275;0;2;0;518;2;2110144662;0.82;451.52;371;0.37;0.38;0.01;0;0;0.43;513.88;221.25;0.43;0;119843.82;49.96;245.94;244.87;246.49;1;1;2;1;30865.85;31980.04;4518;0;2;0;554.25;2;2110180596;0.47;351.21;167;0.14;0.25;0.01;0;0.02;0.29;358.41;102;0.29;0;96930.42;49.95;246.95;244.81;247.33;0.97;1;2;1;31030.77;32075.37;3811;0;2;0;212.25;2;2110180969;0.54;381.63;221;0.19;0.26;0;0.01;0;0.32;289.58;97.25;0.32;0;103173.32;49.95;246.75;245.6;247.21;0.9;1;2;1;30110.03;31361.41;4848;0;2;0;272.75;2;2110192945;1.26;316.27;358.5;0.61;0.28;0.28;0.01;0;0.29;374.91;84;0.29;0;24588.53;0;0.56;0.56;0.56;49.95;247.98;246.73;248.32;0.99;415.25;-62.25;139.5;136.75;139;-21.75;-18.75;-21.75;137.75;136;137.5;2;1;1;4993.74;5128.44;0;195;0;0;1;2;3;0;411.25;0;1;2110626858;1.86;407.92;760;0.36;0.44;0.48;0.5;0.01;0.22;456.37;101;0.22;0;196708.85;49.95;248.1;246.73;248.11;1;1;2;1;29229.2;29820.37;3075;0;2;0;851;2;2110018240;0.4;409.7;162.75;0.09;0.11;0.14;0.01;0;0.23;493.34;114.75;0.23;0;137907.17;49.95;246.83;245.92;247.03;0.96;1;2;1;31828.17;32464.16;5053;0;2;0;235.75;2;2110183843;0.74;409.62;304.5;0.15;0.15;0.38;0.01;0.01;0;0;0;0;0;139571.08;49.95;246.51;245.6;247.17;0.92;1;2;1;31146.28;32197.97;4702;0;2;0;259;2;2110183847;1.58;404.11;639.25;0.48;0.53;0.53;0.02;0.02;0.53;326.7;173.25;0.53;0;156569.65;49.95;246.97;245.25;247.04;1;1;2;1;31541.27;32349.41;4062;0;2;0;768.5;2;2110183895;0.91;377.18;350.5;0.18;0.19;0.25;0.22;0.01;0.32;424.9;136.5;0.32;0;191075.02;49.95;245.48;244.28;245.89;0.98;1;2;1;31598.87;32434.04;5139;0;2;0;451;2;2110192909
06:20;;;;;;;1.6;205.35;326.8;1.6;0.78;256.64;198.4;0.78;0;37602.45;0;0.73;0.72;0.73;50.1;248.02;247.14;248.07;1;540.2;-33.8;181.6;178.4;180.2;-13;-9.4;-11.4;181.4;178.4;180.2;2;1;1;9304.7;9571.14;978;0;1;2;3;0;540;0;1;305049607;1.64;429.51;701.2;0.79;0.78;0.01;0.01;0.01;0.82;429.25;352.2;0.82;0;109443.02;50.1;246.89;246.04;247.04;1;1;2;1;28745.83;29468.78;3276;0;2;0;1033.4;2;2110144662;1.63;431.59;703.4;0.77;0.79;0.01;0;0;0.84;482.12;402.6;0.84;0;119843.91;50.1;246.11;245.05;246.44;1;1;2;1;30865.94;31980.13;4518;0;2;0;1071.2;2;2110180596;0.57;384.08;220.2;0.16;0.33;0;0.01;0.02;0.38;364.09;138.6;0.38;0;96930.44;50.1;247.14;245.02;247.28;0.99;1;2;1;31030.86;32075.46;3811;0;2;0;314.8;2;2110180969;1.7;431.91;730.8;0.79;0.81;0;0.01;0;0.85;319.12;270.4;0.85;0;103173.41;50.1;246.97;245.84;247.23;1;1;2;1;30110.12;31361.5;4849;0;2;0;982.4;2;2110192945;2.55;208.77;532.5;0.89;0.78;0.79;0.01;0;0.84;201.49;168.5;0.84;0;24588.57;0;0.91;0.91;0.91;50.1;248.27;247.02;248.42;1;675.75;-50.75;225.75;223.5;226.5;-17.5;-15.25;-18;225.25;223.5;226;2;1;1;4993.81;5128.51;0;195;0;0;1;2;3;0;674.75;0;1;2110626858;2.59;420.78;1090.8;0.6;0.63;0.64;0.64;0.01;0.29;468.53;137;0.29;0;196708.96;50.1;248.33;246.97;248.07;1;1;2;1;29229.29;29820.46;3075;0;2;0;1222.6;2;2110018240;0.47;422.07;196;0.11;0.13;0.15;0.01;0;0.32;499.89;157.25;0.32;0;137907.2;50.1;247.01;246.04;246.96;0.98;1;2;1;31828.24;32464.24;5053;0;2;0;322;2;2110183843;1.61;392.89;630.8;0.29;0.42;0.85;0.01;0.01;0;0;0;0;0;139571.13;50.1;246.79;245.89;247.24;1;1;2;1;31146.37;32198.06;4703;0;2;0;603.6;2;2110183847;1.98;413.26;817.25;0.61;0.66;0.66;0.02;0.02;0.66;335.77;221.75;0.66;0;156569.72;50.1;247.28;245.61;247.17;1;1;2;1;31541.34;32349.48;4062;0;2;0;995.75;2;2110183895;2.54;437.6;1105.4;0.77;0.69;0.72;0.29;0.01;0.76;447.63;338;0.76;0;191075.14;50.1;245.82;244.63;246;1;1;2;1;31598.96;32434.13;5139;0;2;0;1404.4;2;2110192909
06:25;;;;;;;1.86;428.95;796.2;1.86;0.94;545.54;510.8;0.94;0;37602.56;0;1.81;1.8;1.8;50.05;247.43;246.35;247.22;1;1333.6;-11;446.8;442.4;444.4;-5;-2.8;-3.2;446.8;442.4;444.4;2;1;1;9304.79;9571.22;978;0;1;2;3;0;1333.6;0;1;305049607;2.04;427.51;870.2;0.99;0.98;0.01;0.01;0.01;1.01;430.1;434.8;1.01;0;109443.13;50.06;246.39;245.32;246.26;1;1;2;1;28745.91;29468.87;3276;0;2;0;1278;2;2110144662;2.05;427.18;876.6;0.98;1.01;0.01;0;0;1.04;480.57;498.8;1.04;0;119844.03;50.05;245.58;244.38;245.66;1;1;2;1;30866.02;31980.21;4518;0;2;0;1337;2;2110180596;0.67;399.1;266.8;0.17;0.42;0;0.01;0.02;0.49;366.55;178.2;0.49;0;96930.48;50.06;246.65;244.37;246.53;0.99;1;2;1;31030.95;32075.55;3811;0;2;0;406.4;2;2110180969;2.11;429;903.6;0.99;1.01;0.01;0.01;0;1.04;320.02;332.6;1.04;0;103173.51;50.05;246.31;245;246.31;1;1;2;1;30110.21;31361.59;4849;0;2;0;1208.6;2;2110192945;2.88;384.34;1111.4;0.94;0.91;0.94;0.01;0;0.93;381.24;357;0.93;0;24588.69;0;1.94;1.93;1.94;50.07;247.99;246.63;247.86;1;1435;-23.2;479.4;475.6;480;-8.2;-6.2;-8.8;479.4;475.6;480;2;1;1;4993.9;5128.6;0;195;0;0;1;2;3;0;1435;0;1;2110626858;3.23;426.28;1375.6;0.78;0.8;0.8;0.8;0.01;0.4;464.84;185.2;0.4;0;196709.09;50.05;247.8;246.25;247.29;1;1;2;1;29229.38;29820.54;3075;0;2;0;1553.2;2;2110018240;0.53;448.86;235.6;0.12;0.14;0.17;0.01;0;0.41;491.83;202;0.41;0;137907.23;50.08;246.62;245.61;246.35;0.99;1;2;1;31828.32;32464.32;5053;0;2;0;410;2;2110183843;1.96;396.97;777.8;0.3;0.55;1.05;0.01;0.01;0;0;0;0;0;139571.2;50.05;246.2;245.1;246.36;1;1;2;1;31146.46;32198.14;4703;0;2;0;750.4;2;2110183847;2.41;420.07;1011.6;0.74;0.8;0.81;0.02;0.02;0.8;339.24;272.2;0.8;0;156569.82;50.07;246.83;245.04;246.48;1;1;2;1;31541.43;32349.57;4062;0;2;0;1228.6;2;2110183895;3.53;420.07;1481.2;1.02;1.01;1.01;0.42;0.01;1.07;427.57;455.2;1.06;0;191075.3;50.06;245.3;243.93;245.24;1;1;2;1;31599.04;32434.22;5139;0;2;0;1882.2;2;2110192909
06:30;;;;;;;2.26;421.34;951.75;2.27;1.12;544.18;608.25;1.12;0;37602.67;0;2.15;2.14;2.14;50.06;246.68;245.54;246.39;1;1583.25;-8.25;530.75;525.5;527;-3.75;-2;-2.5;530.75;525.5;527;2;1;1;9304.86;9571.29;978;0;1;2;3;0;1583.25;0;1;305049607;2.35;431.46;1013.75;1.15;1.14;0;0.01;0.01;1.18;429.03;507.25;1.18;0;109443.23;50.06;245.62;244.52;245.41;1;1;2;1;28745.99;29468.94;3276;0;2;0;1490.75;2;2110144662;2.37;430.73;1021;1.14;1.17;0;0;0;1.22;478.78;582.75;1.22;0;119844.14;50.06;244.88;243.63;244.87;1;1;2;1;30866.1;31980.29;4518;0;2;0;1559;2;2110180596;0.95;365.45;339.25;0.33;0.53;0.01;0.01;0.02;0.6;371.03;220.5;0.6;0;96930.52;50.06;245.8;243.53;245.67;1;1;2;1;31031.02;32075.62;3811;0;2;0;525.25;2;2110180969;2.43;433.4;1051.75;1.17;1.18;0.01;0.01;0;1.22;318.62;389.5;1.22;0;103173.61;50.06;245.67;244.3;245.6;1;1;2;1;30110.28;31361.66;4849;0;2;0;1412;2;2110192945;3.45;424.21;1462.2;1.11;1.13;1.14;0.01;0;1.14;418.38;478.6;1.15;0;24588.86;0;2.57;2.57;2.58;50.05;247.07;245.55;246.87;1;1901.2;-13.2;635.2;630.6;635.4;-5;-3;-5.2;635.2;630.6;635.4;2;1;1;4993.99;5128.69;0;195;0;0;1;2;3;0;1901.2;0;1;2110626858;3.84;428.14;1642;0.93;0.95;0.95;0.96;0.01;0.49;466.88;230.25;0.5;0;196709.22;50.06;247.12;245.54;246.59;1;1;2;1;29229.45;29820.62;3075;0;2;0;1864.5;2;2110018240;0.61;465.1;285.6;0.15;0.16;0.2;0.01;0;0.5;510.79;256;0.5;0;137907.28;50.06;245.79;244.62;245.44;0.99;1;2;1;31828.41;32464.41;5053;0;2;0;524.2;2;2110183843;2.41;390.85;940.5;0.41;0.71;1.24;0.01;0.01;0;0;0;0;0;139571.26;50.06;245.48;244.29;245.58;1;1;2;1;31146.53;32198.22;4703;0;2;0;909.25;2;2110183847;2.9;425.96;1233.2;0.92;0.95;0.96;0.02;0.02;0.96;345.06;332.4;0.96;0;156569.95;50.06;246.05;244.12;245.6;1;1;2;1;31541.52;32349.66;4062;0;2;0;1502.2;2;2110183895;4.46;400.8;1787.5;1.23;1.22;1.23;0.73;0.01;1.24;426.85;530;1.24;0;191075.45;50.06;244.53;243.07;244.41;1;1;2;1;31599.11;32434.29;5140;0;2;0;2247.75;2;2110192909
06:35;;;;;;;2.62;426.82;1118.2;2.62;1.32;543.15;715.2;1.32;0;37602.84;0;2.52;2.51;2.51;49.98;245.99;244.75;245.51;1;1850.2;-5.2;620.4;614.4;615.4;-3;-1;-1.2;620.4;614.4;615.4;2;1;1;9304.95;9571.39;978;0;1;2;3;0;1850.2;0;1;305049607;2.73;433.91;1183.2;1.35;1.33;0.01;0.01;0.01;1.38;427.25;588.4;1.38;0;109443.39;49.98;244.97;243.77;244.61;1;1;2;1;28746.08;29469.03;3276;0;2;0;1740;2;2110144662;2.74;434.69;1189.4;1.33;1.35;0;0;0;1.4;483.87;679;1.4;0;119844.31;49.99;244.18;242.86;244.08;1;1;2;1;30866.19;31980.38;4518;0;2;0;1819.6;2;2110180596;1.35;329.41;445.2;0.58;0.69;0;0.01;0.02;0.73;381.82;277;0.73;0;96930.58;49.98;245.19;242.8;244.84;1;1;2;1;31031.11;32075.71;3811;0;2;0;685.4;2;2110180969;2.81;434.37;1220.8;1.35;1.37;0;0.01;0;1.43;315.36;450.4;1.43;0;103173.76;49.99;245.05;243.57;244.83;1;1;2;1;30110.37;31361.76;4849;0;2;0;1637.8;2;2110192945;4.04;423.29;1708.25;1.3;1.31;1.34;0.01;0;1.33;419.89;559.75;1.33;0;24589.02;0;3.01;3.01;3.01;50;246.43;244.85;246.07;1;2219;-9.5;741.5;736.75;740.75;-3.25;-3;-3.25;741.5;736.75;740.75;2;1;1;4994.06;5128.76;0;195;0;0;1;2;3;0;2219;0;1;2110626858;4.56;427.64;1950.6;1.11;1.13;1.14;1.14;0.01;0.6;467.69;281.4;0.6;0;196709.42;49.98;246.4;244.65;245.64;1;1;2;1;29229.54;29820.71;3075;0;2;0;2216;2;2110018240;0.72;477.97;341.75;0.18;0.21;0.22;0.01;0.01;0.64;498.68;317;0.64;0;137907.32;50;245.1;243.85;244.55;1;1;2;1;31828.49;32464.49;5053;0;2;0;639.75;2;2110183843;3.43;336.85;1147;0.65;1.26;1.5;0.01;0.01;0;0;0;0;0;139571.36;49.98;244.79;243.53;244.69;1;1;2;1;31146.63;32198.31;4703;0;2;0;1107;2;2110183847;3.43;427.09;1465;1.1;1.13;1.14;0.02;0.03;1.14;346.12;395.25;1.14;0;156570.08;50;245.4;243.4;244.72;1;1;2;1;31541.59;32349.73;4062;0;2;0;1792.25;2;2110183895;4.94;418.77;2066.4;1.4;1.39;1.39;0.71;0.01;1.44;428.09;615.6;1.44;0;191075.7;49.98;243.9;242.41;243.64;1;1;2;1;31599.21;32434.38;5140;0;2;0;2608.2;2;2110192909
06:40;;;;;;;3;428.17;1285.4;3;1.51;543.67;821.2;1.51;0;37603.02;0;2.89;2.87;2.87;49.93;245.61;244.51;245.42;1;2115.2;-4;708.8;702.6;703.8;-2.2;-0.8;-1;708.8;702.8;703.8;2;1;1;9305.04;9571.47;978;0;1;2;3;0;2115.4;0;1;305049607;3.12;433.59;1353;1.54;1.52;0;0.01;0.01;1.57;429.84;675;1.57;0;109443.56;49.92;244.48;243.4;244.38;1;1;2;1;28746.16;29469.12;3276;0;2;0;1992.2;2;2110144662;3.13;430.81;1349;1.53;1.55;0;0;0;1.59;483.06;767;1.59;0;119844.44;49.92;243.55;242.29;243.67;1;1;2;1;30866.26;31980.45;4518;0;2;0;2060;2;2110180596;1.73;314.2;544;0.78;0.86;0;0.01;0.02;0.88;393.34;344.6;0.87;0;96930.65;49.92;244.67;242.42;244.59;1;1;2;1;31031.2;32075.8;3811;0;2;0;853.6;2;2110180969;3.23;432.43;1396.4;1.56;1.59;0;0.01;0;1.62;319.83;517.4;1.62;0;103173.92;49.93;244.58;243.24;244.6;1;1;2;1;30110.46;31361.84;4849;0;2;0;1871.2;2;2110192945;4.59;422.59;1938;1.49;1.49;1.53;0.01;0;1.51;420.97;634;1.51;0;24589.24;0;3.42;3.42;3.42;49.92;245.9;244.38;245.74;1;2515.6;-7.8;840.8;835.2;839.6;-3;-1.8;-3;840.8;835.2;839.6;2;1;1;4994.15;5128.85;0;195;0;0;1;2;3;0;2515.6;0;1;2110626858;5.16;434.77;2245;1.27;1.28;1.28;1.28;0.01;0.71;468.34;330.5;0.7;0;196709.59;49.92;245.74;244.08;245.25;1;1;2;1;29229.61;29820.78;3075;0;2;0;2553.5;2;2110018240;0.85;497.2;423.2;0.21;0.25;0.29;0.01;0;0.74;503.87;372.2;0.73;0;137907.39;49.92;244.46;243.24;244.17;1;1;2;1;31828.57;32464.57;5053;0;2;0;780.2;2;2110183843;4.2;340.02;1428.2;0.86;1.57;1.72;0.01;0.01;0;0;0;0;0;139571.48;49.93;244.41;243.33;244.64;1;1;2;1;31146.71;32198.39;4703;0;2;0;1378.8;2;2110183847;3.9;432.81;1686.8;1.26;1.29;1.29;0.02;0.03;1.3;348.88;453.8;1.3;0;156570.26;49.92;244.72;242.79;244.36;1;1;2;1;31541.68;32349.82;4062;0;2;0;2067;2;2110183895;5.81;420.97;2447.2;1.6;1.57;1.57;1;0.01;1.63;429.9;702.4;1.64;0;191075.96;49.92;243.43;242.04;243.39;1;1;2;1;31599.29;32434.47;5140;0;2;0;3063.2;2;2110192909
06:45;;;;;;;3.35;429.51;1437;3.35;1.68;545.89;916.75;1.68;0;37603.19;0;3.2;3.18;3.18;50.05;246.89;245.95;246.63;1;2356.25;-3.25;789.5;782.25;784.5;-2;-0.25;-1;789.5;782.25;784.5;2;1;1;9305.11;9571.55;978;0;1;2;3;0;2356.25;0;1;305049607;3.51;431.05;1511.75;1.74;1.71;0;0.01;0;1.74;432.27;752.5;1.74;0;109443.72;50.05;245.88;244.97;245.72;1;1;2;1;28746.24;29469.19;3276;0;2;0;2216.5;2;2110144662;3.49;430.81;1503.2;1.7;1.72;0;0;0;1.77;483.03;855.4;1.78;0;119844.65;50.03;245.01;243.99;245.08;1;1;2;1;30866.35;31980.54;4518;0;2;0;2294;2;2110180596;2.02;312.79;632;0.92;1.01;0;0;0.02;1.01;396.1;399.25;1.01;0;96930.72;50.04;245.93;243.93;245.82;1;1;2;1;31031.27;32075.87;3811;0;2;0;990.25;2;2110180969;3.58;434.45;1553.25;1.72;1.74;0;0.01;0;1.81;317.81;575.25;1.81;0;103174.07;50.04;245.77;244.64;245.8;1;1;2;1;30110.53;31361.91;4849;0;2;0;2081;2;2110192945;5.13;427.83;2194.4;1.66;1.68;1.71;0.01;0;1.69;423.04;716.2;1.7;0;24589.49;0;3.85;3.84;3.84;50.03;247.31;246.02;247.1;1;2844;-5.4;951.2;943.6;949.2;-2.6;-0.8;-2;951.2;943.6;949.2;2;1;1;4994.24;5128.94;0;195;0;0;1;2;3;0;2844;0;1;2110626858;5.88;432.1;2540.6;1.45;1.46;1.46;1.47;0.01;0.81;470.48;380.6;0.81;0;196709.85;50.03;247.24;245.85;246.67;1;1;2;1;29229.7;29820.87;3075;0;2;0;2892.6;2;2110018240;1.01;509.24;513;0.25;0.3;0.35;0.01;0;0.86;502.7;432.6;0.86;0;137907.47;50.03;245.88;244.94;245.55;1;1;2;1;31828.66;32464.66;5053;0;2;0;928.8;2;2110183843;4.41;367.07;1619;0.77;1.71;1.88;0.01;0.01;0;0;0;0;0;139571.59;50.05;245.69;244.77;245.79;1;1;2;1;31146.78;32198.47;4703;0;2;0;1567.25;2;2110183847;4.47;433.27;1937.4;1.45;1.48;1.49;0.02;0.03;1.5;346.55;520;1.51;0;156570.47;50.03;246.09;244.41;245.67;1;1;2;1;31541.77;32349.91;4062;0;2;0;2371.2;2;2110183895;6.52;421.11;2743.5;1.8;1.76;1.76;1.15;0.01;1.82;430.57;781.25;1.81;0;191076.2;50.05;244.91;243.69;244.78;1;1;2;1;31599.37;32434.54;5140;0;2;0;3423.25;2;2110192909
06:50;;;;;;;3.68;434.02;1595.8;3.68;1.86;546.46;1018.2;1.86;0;37603.43;0;3.54;3.52;3.53;50.11;247.81;246.6;246.9;1;2615.8;-3.4;877;868.8;870;-2.2;-0.6;-0.6;877;868.8;870;2;1;1;9305.2;9571.64;978;0;1;2;3;0;2615.8;0;1;305049607;3.87;433.33;1675.4;1.91;1.89;0;0;0;1.95;428.03;834.2;1.95;0;109443.95;50.11;246.73;245.52;245.88;1;1;2;1;28746.33;29469.28;3276;0;2;0;2463;2;2110144662;3.89;434.37;1688.2;1.91;1.93;0;0;0.01;2;480.18;959.2;1.99;0;119844.89;50.11;246;244.73;245.46;1;1;2;1;30866.44;31980.63;4518;0;2;0;2576;2;2110180596;2.29;320.54;735;1.04;1.17;0;0;0.02;1.16;398.38;461;1.16;0;96930.83;50.11;246.92;244.61;246.1;1;1;2;1;31031.36;32075.96;3811;0;2;0;1156.8;2;2110180969;4;429.9;1718.4;1.95;1.96;0;0.01;0;1.99;320.02;635.4;1.99;0;103174.28;50.11;246.64;245.16;245.96;1;1;2;1;30110.63;31362.01;4849;0;2;0;2301.4;2;2110192945;5.78;421.83;2437.75;1.88;1.89;1.92;0.01;0.01;1.91;417.87;796.25;1.91;0;24589.72;0;4.27;4.26;4.27;50.12;248.24;246.68;247.39;1;3164.5;-5.25;1059.75;1049.75;1055;-3;-0.25;-2;1059.75;1049.75;1055;2;1;1;4994.31;5129.02;0;195;0;0;1;2;3;0;3164.5;0;1;2110626858;6.61;433.15;2862.25;1.63;1.64;1.65;1.65;0.01;0.93;473.35;438;0.93;0;196710.09;50.12;248.28;246.58;247.08;1;1;2;1;29229.77;29820.94;3075;0;2;0;3268;2;2110018240;1.18;517.68;608.5;0.3;0.36;0.41;0.01;0;0.98;504.18;493.5;0.98;0;137907.55;50.12;246.83;245.67;245.87;1;1;2;1;31828.74;32464.74;5053;0;2;0;1089;2;2110183843;4.96;382.47;1898.6;0.92;1.94;2.06;0.01;0.01;0;0;0;0;0;139571.76;50.11;246.56;245.35;246.05;1;1;2;1;31146.88;32198.56;4703;0;2;0;1844;2;2110183847;5.05;432.59;2184.5;1.65;1.67;1.68;0.02;0.03;1.7;344.99;584.75;1.7;0;156570.67;50.12;247.14;245.26;246.11;1;1;2;1;31541.85;32349.99;4062;0;2;0;2681.25;2;2110183895;7.24;422.46;3060;1.99;1.95;1.96;1.31;0;2.02;429.52;865.2;2.01;0;191076.56;50.11;245.84;244.3;245.06;1;1;2;1;31599.46;32434.63;5140;0;2;0;3817.6;2;2110192909
06:55;;;;;;;4.12;427.64;1762.4;4.12;2.08;540.78;1122.2;2.08;0;37603.67;0;3.92;3.9;3.9;50.08;247.34;246.08;246.6;1;2887.8;-2.8;968.4;958.4;961;-2;-0.2;-0.6;968.4;958.4;961;2;1;1;9305.29;9571.72;978;0;1;2;3;0;2887.8;0;1;305049607;4.25;433.72;1843.2;2.11;2.08;0;0;0;2.15;427.5;919.2;2.15;0;109444.17;50.08;246.28;245.08;245.65;1;1;2;1;28746.41;29469.37;3276;0;2;0;2717.4;2;2110144662;4.28;432.1;1850.8;2.1;2.12;0;0;0.02;2.19;481.8;1054.4;2.18;0;119845.12;50.09;245.73;244.41;245.3;1;1;2;1;30866.52;31980.71;4518;0;2;0;2837.6;2;2110180596;2.57;328.44;844.4;1.18;1.33;0;0.01;0.02;1.31;398.71;523.2;1.31;0;96930.94;50.08;246.46;244.13;245.85;1;1;2;1;31031.45;32076.05;3811;0;2;0;1338.8;2;2110180969;4.44;426.02;1892.6;2.17;2.18;0;0.01;0;2.19;319.44;698.2;2.19;0;103174.49;50.08;246.21;244.73;245.68;1;1;2;1;30110.71;31362.09;4849;0;2;0;2538;2;2110192945;6.28;425.69;2672.4;2.04;2.06;2.09;0.01;0.01;2.07;421.36;873;2.07;0;24590.01;0;4.69;4.69;4.69;50.09;247.85;246.18;247.13;1;3476;-6.6;1163;1153.8;1159.2;-3.2;-1.2;-2.2;1163;1153.8;1159.2;2;1;1;4994.4;5129.1;0;195;0;0;1;2;3;0;3476;0;1;2110626858;7.35;434.37;3192.17;1.83;1.83;1.84;1.85;0;1.05;474.06;497.17;1.05;0;196710.46;50.08;247.83;246.1;246.75;1;1;2;1;29229.88;29821.04;3075;0;2;0;3661.67;2;2110018240;1.35;524.7;706.4;0.35;0.43;0.47;0.01;0;1.09;508.72;555;1.1;0;137907.66;50.09;246.46;245.16;245.58;1;1;2;1;31828.82;32464.82;5053;0;2;0;1268;2;2110183843;5.35;403.05;2157.6;0.95;2.14;2.21;0.01;0.01;0;0;0;0;0;139571.93;50.09;246.09;244.82;245.72;1;1;2;1;31146.96;32198.64;4703;0;2;0;2123.8;2;2110183847;5.57;433.52;2412.4;1.83;1.85;1.85;0.03;0.03;1.87;348.36;649;1.87;0;156570.92;50.09;246.74;244.73;245.8;1;1;2;1;31541.93;32350.07;4062;0;2;0;2988.4;2;2110183895;7.97;425.44;3388.8;2.18;2.14;2.15;1.47;0;2.2;430.1;946.2;2.2;0;191076.9;50.08;245.4;243.88;244.83;1;1;2;1;31599.54;32434.72;5140;0;2;0;4226.4;2;2110192909
07:00;;;;;;;4.47;426.95;1906.75;4.47;2.25;541.38;1215;2.25;0;37603.89;0;4.23;4.21;4.21;50.04;246.71;245.62;246.15;1;3114;-1.5;1043.75;1033.5;1036.75;-1;0;-0.5;1043.75;1033.75;1036.75;2;1;1;9305.36;9571.8;978;0;1;2;3;0;3114.25;0;1;305049607;4.65;427.89;1988.25;2.32;2.29;0;0;0;2.29;431.37;988.75;2.3;0;109444.38;50.04;245.79;244.72;245.34;1;1;2;1;28746.49;29469.44;3276;0;2;0;2919.25;2;2110144662;4.64;430.48;1996.75;2.3;2.32;0;0;0.02;2.36;481.85;1138.75;2.36;0;119845.34;50.04;245.13;244.02;244.89;1;1;2;1;30866.6;31980.79;4518;0;2;0;3053;2;2110180596;2.86;327.6;937.5;1.32;1.48;0;0.01;0.02;1.45;399.74;580;1.44;0;96931.04;50.04;245.9;243.78;245.39;1;1;2;1;31031.52;32076.12;3811;0;2;0;1475.5;2;2110180969;4.77;426.77;2034;2.34;2.34;0;0.01;0;2.35;320.56;752;2.34;0;103174.69;50.04;245.63;244.32;245.24;1;1;2;1;30110.78;31362.16;4849;0;2;0;2723.5;2;2110192945;6.86;424.34;2910.6;2.23;2.25;2.29;0;0.02;2.28;416.25;950;2.28;0;24590.35;0;5.1;5.08;5.1;50.04;247.25;245.73;246.72;1;3768;-4.2;1261.4;1249;1257.6;-2.6;0;-1.6;1261.4;1249;1257.6;2;1;1;4994.49;5129.19;0;195;0;0;1;2;3;0;3768;0;1;2110626858;8.13;432.35;3512;2.02;2.02;2.03;2.04;0.01;1.17;473.84;556;1.17;0;196710.75;50.04;247.27;245.68;246.43;1;1;2;1;29229.95;29821.11;3075;0;2;0;4025.25;2;2110018240;1.53;529.56;810.6;0.39;0.5;0.54;0.01;0;1.22;509.11;620.4;1.22;0;137907.78;50.05;245.84;244.72;245.13;1;1;2;1;31828.91;32464.91;5053;0;2;0;1409;2;2110183843;5.77;414.06;2389;1.04;2.33;2.33;0.01;0.01;0;0;0;0;0;139572.1;50.04;245.47;244.36;245.31;1;1;2;1;31147.03;32198.72;4703;0;2;0;2326.75;2;2110183847;6.16;430.81;2655.4;2.02;2.05;2.05;0.03;0.03;2.07;346.03;714.4;2.06;0;156571.21;50.04;246.13;244.25;245.41;1;1;2;1;31542.02;32350.16;4062;0;2;0;3260.8;2;2110183895;8.66;415.12;3594.5;2.4;2.35;2.36;1.51;0;2.36;431.54;1018;2.36;0;191077.22;50.04;245.02;243.64;244.61;1;1;2;1;31599.61;32434.79;5140;0;2;0;4473.75;2;2110192909
07:05;;;;;;;4.81;428.06;2059;4.81;2.44;538.67;1312.75;2.44;0;37604.16;0;4.58;4.55;4.56;50.06;246.28;245.06;245.65;1;3362;-2;1127.25;1115.5;1119.25;-1.5;0;-0.5;1127.25;1115.5;1119.25;2;1;1;9305.44;9571.88;978;0;1;2;3;0;3362;0;1;305049607;5.06;427.57;2164.4;2.52;2.48;0;0;0;2.54;424.72;1077.6;2.54;0;109444.7;50.05;245.14;243.95;244.65;1;1;2;1;28746.59;29469.54;3276;0;2;0;3179.6;2;2110144662;5;430.73;2153.75;2.48;2.5;0;0;0.02;2.55;481.61;1227.25;2.56;0;119845.6;50.06;244.58;243.33;244.32;1;1;2;1;30866.68;31980.87;4518;0;2;0;3296;2;2110180596;3.18;334.13;1063.6;1.46;1.66;0;0.01;0.02;1.62;400.65;649.2;1.62;0;96931.21;50.05;245.2;242.95;244.75;1;1;2;1;31031.62;32076.22;3811;0;2;0;1669;2;2110180969;5.14;426.2;2190;2.53;2.54;0;0.01;0;2.54;319.91;810.75;2.54;0;103174.92;50.07;245.25;243.83;244.82;1;1;2;1;30110.86;31362.24;4849;0;2;0;2937;2;2110192945;7.42;427.25;3171;2.42;2.45;2.49;0.01;0.02;2.47;420.37;1036;2.47;0;24590.67;0;5.58;5.56;5.58;50.06;246.8;245.2;246.19;1;4111.75;-3.25;1375.75;1363.5;1372.5;-2;0;-1.25;1375.75;1363.5;1372.5;2;1;1;4994.57;5129.27;0;195;0;0;1;2;3;0;4111.75;0;1;2110626858;8.83;433.23;3824.75;2.2;2.2;2.21;2.21;0;1.3;475.05;615.5;1.3;0;196711.1;50.06;246.84;245.15;245.91;1;1;2;1;29230.03;29821.2;3075;0;2;0;4386.5;2;2110018240;1.78;527.15;937.5;0.46;0.59;0.63;0;0;1.36;508.54;692.5;1.36;0;137907.91;50.06;245.27;244.01;244.57;1;1;2;1;31828.99;32464.99;5053;0;2;0;1604.5;2;2110183843;6.33;411.33;2603.8;1.1;2.61;2.54;0.01;0.01;0;0;0;0;0;139572.35;50.05;244.83;243.63;244.64;1;1;2;1;31147.13;32198.82;4703;0;2;0;2532.6;2;2110183847;6.82;428.22;2921.25;2.23;2.26;2.26;0.04;0.03;2.27;346.68;787;2.28;0;156571.49;50.07;245.62;243.66;244.78;1;1;2;1;31542.1;32350.24;4062;0;2;0;3588.5;2;2110183895;9.48;422.14;3998.6;2.57;2.53;2.54;1.76;0;2.58;428.93;1106.4;2.58;0;191077.71;50.05;244.36;242.84;243.93;1;1;2;1;31599.71;32434.89;5140;0;2;0;4964.8;2;2110192909
07:10;;;;;;;5.25;422.09;2216.33;5.25;2.63;536.57;1412.83;2.63;0;37604.51;0;4.95;4.93;4.93;50.05;245.17;243.89;244.66;1;3618.67;-1.67;1212.33;1201.5;1204.83;-1.17;0;-0.5;1212.33;1201.5;1204.83;2;1;1;9305.54;9571.98;978;0;1;2;3;0;3618.67;0;1;305049607;5.45;426.02;2323.2;2.72;2.68;0;0;0;2.71;426.41;1156;2.71;0;109444.97;50.05;244.17;242.95;243.75;1;1;2;1;28746.67;29469.62;3276;0;2;0;3411.8;2;2110144662;5.42;424.79;2302.4;2.69;2.71;0;0;0.02;2.73;479.15;1308.8;2.74;0;119845.89;50.05;243.51;242.2;243.37;1;1;2;1;30866.76;31980.95;4518;0;2;0;3527.4;2;2110180596;3.51;336.52;1179.4;1.61;1.83;0;0.01;0.02;1.78;400.26;713.2;1.78;0;96931.35;50.05;244.19;241.92;243.76;1;1;2;1;31031.7;32076.3;3811;0;2;0;1845.4;2;2110180969;5.54;424.6;2353.67;2.71;2.73;0;0.01;0;2.73;317.94;868.33;2.74;0;103175.23;50.05;244.05;242.58;243.76;1;1;2;1;30110.96;31362.34;4849;0;2;0;3153.5;2;2110192945;8.02;423.04;3392.6;2.61;2.64;2.68;0;0.02;2.66;416.51;1108.2;2.66;0;24591.04;0;5.99;5.98;5.99;50.04;245.65;243.99;245.23;1;4398;-3.6;1470.4;1458.6;1469;-2;0;-1.6;1470.6;1458.8;1468.6;2;1;1;4994.65;5129.35;0;195;0;0;1;2;3;0;4398;0;1;2110626858;9.61;428.86;4119.8;2.4;2.39;2.41;2.42;0;1.42;471.83;669.8;1.42;0;196711.49;50.05;245.73;243.95;244.93;1;1;2;1;29230.11;29821.28;3075;0;2;0;4739;2;2110018240;2.02;524.25;1060.2;0.55;0.67;0.72;0;0;1.48;511.5;754.4;1.48;0;137908.06;50.05;244.24;242.89;243.68;1;1;2;1;31829.08;32465.08;5053;0;2;0;1794.8;2;2110183843;6.81;412.63;2808.8;1.21;2.81;2.7;0.01;0.01;0;0;0;0;0;139572.57;50.06;243.89;242.67;243.78;1;1;2;1;31147.21;32198.9;4703;0;2;0;2735.8;2;2110183847;7.35;429.06;3151.8;2.42;2.44;2.44;0.04;0.03;2.45;345.84;846.6;2.45;0;156571.81;50.05;244.51;242.5;243.8;1;1;2;1;31542.18;32350.32;4062;0;2;0;3872.6;2;2110183895;10.53;414.76;4363;2.8;2.76;2.77;2.17;0;2.77;429.58;1187.4;2.77;0;191078.14;50.05;243.56;242;243.19;1;1;2;1;31599.79;32434.97;5140;0;2;0;5399.2;2;2110192909
07:15;;;;;;;5.63;420.62;2364.75;5.61;2.82;534.86;1507.5;2.81;0;37604.79;0;5.28;5.26;5.26;50.04;244.71;243.68;244.23;1;3858.5;-1.25;1292;1282;1284.5;-1;0;-0.25;1292;1282.25;1284.5;2;1;1;9305.61;9572.05;978;0;1;2;3;0;3858.75;0;1;305049607;5.79;425.23;2461.75;2.9;2.85;0;0;0;2.87;427.09;1224;2.86;0;109445.22;50.04;243.89;242.88;243.52;1;1;2;1;28746.74;29469.69;3276;0;2;0;3618.75;2;2110144662;5.77;425.44;2455.2;2.86;2.89;0;0;0.02;2.9;479.86;1393;2.91;0;119846.22;50.03;243.18;242.08;243.08;1;1;2;1;30866.85;31981.04;4518;0;2;0;3752.4;2;2110180596;3.79;335.52;1270;1.74;1.97;0;0.02;0.02;1.92;400.72;768.75;1.92;0;96931.49;50.04;243.84;241.85;243.49;1;1;2;1;31031.77;32076.37;3811;0;2;0;1991;2;2110180969;5.95;421.1;2503.5;2.92;2.94;0;0.01;0;2.94;314.9;925.75;2.94;0;103175.47;50.04;243.82;242.6;243.56;1;1;2;1;30111.03;31362.41;4849;0;2;0;3357.25;2;2110192945;8.49;425.31;3610.6;2.75;2.8;2.84;0.01;0.02;2.82;418.71;1180.2;2.82;0;24591.45;0;6.39;6.37;6.39;50.03;245.35;243.87;244.9;1;4684.8;-3.4;1567.4;1554;1563.4;-2.2;0;-1.2;1567.4;1554;1563.4;2;1;1;4994.74;5129.44;0;195;0;0;1;2;3;0;4684.8;0;1;2110626858;10.31;429.19;4422.6;2.58;2.56;2.59;2.6;0;1.54;472.41;728;1.54;0;196711.93;50.04;245.41;243.84;244.61;1;1;2;1;29230.2;29821.37;3075;0;2;0;5092;2;2110018240;2.22;532.92;1181.4;0.59;0.74;0.78;0.01;0;1.61;509.62;820.2;1.61;0;137908.23;50.03;243.88;242.8;243.3;1;1;2;1;31829.16;32465.16;5053;0;2;0;1976.8;2;2110183843;7.2;413.74;2978.5;1.31;2.97;2.86;0.01;0.01;0;0;0;0;0;139572.77;50.03;243.61;242.59;243.51;1;1;2;1;31147.28;32198.97;4703;0;2;0;2906.75;2;2110183847;7.93;426.54;3383;2.62;2.65;2.65;0.04;0.03;2.6;348.17;905.8;2.6;0;156572.18;50.04;244.27;242.48;243.6;1;1;2;1;31542.27;32350.41;4062;0;2;0;4159;2;2110183895;11.4;407.67;4647.25;3;2.95;2.97;2.45;0;2.95;425.31;1255.75;2.95;0;191078.55;50.04;243.25;241.91;242.94;1;1;2;1;31599.87;32435.04;5140;0;2;0;5757.25;2;2110192909
07:20;;;;;;;5.99;419.66;2513.2;5.99;3.01;531.88;1601;3.01;0;37605.15;0;5.58;5.56;5.56;50;245.77;244.86;245.51;1;4096;-1.6;1371.2;1361;1363.8;-1;0;-0.6;1371.2;1361;1363.8;2;1;1;9305.7;9572.13;978;0;1;2;3;0;4096;0;1;305049607;6.17;423.3;2610.8;3.08;3.03;0;0;0;3.04;427.89;1298.8;3.04;0;109445.56;49.99;244.82;243.92;244.67;1;1;2;1;28746.82;29469.78;3276;0;2;0;3828;2;2110144662;6.14;426.92;2619.6;3.03;3.06;0;0;0.02;3.14;472.35;1484.6;3.15;0;119846.57;49.99;244.13;243.18;244.24;1;1;2;1;30866.93;31981.13;4518;0;2;0;4001.4;2;2110180596;4.04;340.15;1373.6;1.83;2.14;0;0.02;0.02;2.07;400.39;829.2;2.07;0;96931.68;50;244.81;242.89;244.66;1;1;2;1;31031.86;32076.46;3811;0;2;0;2146.6;2;2110180969;6.29;422.2;2652.8;3.09;3.1;0;0.01;0;3.11;315.75;980.8;3.1;0;103175.78;49.99;244.62;243.49;244.58;1;1;2;1;30111.12;31362.5;4849;0;2;0;3548;2;2110192945;9.23;418.9;3864.4;2.99;3.04;3.08;0;0.02;3.04;414.95;1262.4;3.04;0;24591.88;0;6.81;6.79;6.79;50;246.35;245;246.08;1;5009.2;-3;1676.2;1661.8;1671.2;-2;0;-1;1676.4;1662.2;1671.2;2;1;1;4994.83;5129.53;0;195;0;0;1;2;3;0;5009.8;0;1;2110626858;11.18;425.89;4758.8;2.8;2.78;2.81;2.82;0;1.67;475.52;795;1.67;0;196712.41;49.99;246.35;244.94;245.79;1;1;2;1;29230.29;29821.45;3075;0;2;0;5487.2;2;2110018240;2.48;529.09;1312.5;0.67;0.84;0.88;0;0;1.74;507.25;882;1.74;0;137908.38;49.99;244.54;243.61;244.21;1;1;2;1;31829.24;32465.24;5053;0;2;0;2167.25;2;2110183843;7.81;407.45;3182.8;1.48;3.19;3.09;0.01;0.01;0;0;0;0;0;139573.04;49.99;244.55;243.63;244.65;1;1;2;1;31147.37;32199.05;4703;0;2;0;3094.6;2;2110183847;8.43;428.87;3614.75;2.8;2.82;2.82;0.04;0.03;2.8;346.03;969.5;2.8;0;156572.49;49.99;244.97;243.35;244.55;1;1;2;1;31542.34;32350.48;4062;0;2;0;4444.25;2;2110183895;12.38;399.81;4948.2;3.23;3.18;3.2;2.79;0;3.15;422.72;1332.4;3.14;0;191079.08;50;244.32;243.09;244.19;1;1;2;1;31599.95;32435.13;5140;0;2;0;6106.4;2;2110192909
07:25;;;;;;;6.33;422.15;2669.6;6.33;3.2;531.75;1700.4;3.2;0;37605.5;0;5.9;5.88;5.88;49.94;246.74;245.79;246.37;1;4350;-1.2;1456.4;1445.8;1447.8;-1;0;-0.2;1456.4;1445.8;1447.8;2;1;1;9305.78;9572.22;978;0;1;2;3;0;4350;0;1;305049607;6.59;420.13;2768.4;3.29;3.25;0;0;0;3.26;422.91;1376;3.26;0;109445.89;49.94;245.85;244.91;245.6;1;1;2;1;28746.91;29469.86;3276;0;2;0;4068.8;2;2110144662;6.57;423.04;2779;3.25;3.28;0;0;0.02;3.32;473.78;1571.8;3.32;0;119846.92;49.93;244.98;243.98;245.03;1;1;2;1;30867.02;31981.21;4518;0;2;0;4248.8;2;2110180596;4.4;336.33;1480.2;2.02;2.32;0;0.02;0.02;2.23;400.91;892;2.23;0;96931.87;49.94;245.9;243.93;245.6;1;1;2;1;31031.94;32076.54;3811;0;2;0;2315.4;2;2110180969;6.69;419.55;2805.2;3.3;3.3;0;0.01;0;3.31;313.23;1036.6;3.31;0;103176.09;49.94;245.46;244.32;245.35;1;1;2;1;30111.2;31362.58;4849;0;2;0;3768.4;2;2110192945;9.76;419.42;4093.8;3.17;3.22;3.26;0;0.02;3.21;416.44;1337;3.22;0;24592.32;0;7.18;7.17;7.18;49.93;247.21;245.86;246.95;1;5310.4;-2.6;1774.4;1763.2;1772.8;-1.6;0;-1;1774.4;1763.2;1772.8;2;1;1;4994.91;5129.61;0;195;0;0;1;2;3;0;5307.6;0;1;2110626858;11.79;429.97;5068.2;2.95;2.93;2.96;2.96;0;1.82;471.44;855.4;1.82;0;196712.89;49.93;247.32;245.83;246.64;1;1;2;1;29230.37;29821.54;3075;0;2;0;5867.8;2;2110018240;2.76;531.17;1462.5;0.77;0.93;0.98;0;0;1.86;509.54;949;1.87;0;137908.62;49.95;245.78;244.76;245.27;1;1;2;1;31829.34;32465.33;5053;0;2;0;2384.33;2;2110183843;8.3;406.8;3374;1.6;3.39;3.28;0.01;0.01;0;0;0;0;0;139573.32;49.94;245.44;244.46;245.46;1;1;2;1;31147.45;32199.14;4703;0;2;0;3288.2;2;2110183847;9.04;427.04;3859.33;2.98;3;3;0.04;0.03;2.99;345.82;1033;3.01;0;156572.96;49.95;246.12;244.41;245.58;1;1;2;1;31542.44;32350.58;4062;0;2;0;4748;2;2110183895;13.08;401.43;5250;3.42;3.36;3.38;2.88;0;3.36;419.74;1409.8;3.36;0;191079.62;49.95;245.37;244.07;245.14;1;1;2;1;31600.04;32435.21;5140;0;2;0;6481.8;2;2110192909
07:30;;;;;;;6.63;422.17;2799.25;6.63;3.35;532.99;1785.25;3.35;0;37605.83;0;6.19;6.16;6.16;49.94;246.73;245.93;246.61;1;4558.75;-1.25;1525.5;1515.25;1518;-1;0;-0.25;1525.5;1515.25;1518;2;1;1;9305.85;9572.29;978;0;1;2;3;0;4558.75;0;1;305049607;6.95;420.07;2920.2;3.48;3.42;0;0;0;3.45;420.46;1451.8;3.45;0;109446.29;49.94;245.61;244.91;245.67;1;1;2;1;28747;29469.95;3276;0;2;0;4289.6;2;2110144662;6.83;426.68;2912.25;3.37;3.39;0;0;0.03;3.47;474.25;1647;3.49;0;119847.23;49.93;244.95;244.17;245.27;1;1;2;1;30867.09;31981.28;4518;0;2;0;4455.75;2;2110180596;4.74;333.55;1580;2.18;2.49;0;0.02;0.02;2.38;401.04;954;2.38;0;96932.1;49.94;245.63;243.88;245.65;1;1;2;1;31032.03;32076.63;3811;0;2;0;2471.4;2;2110180969;7.02;418.75;2938.25;3.47;3.47;0;0.01;0;3.47;312.55;1084.25;3.47;0;103176.37;49.93;245.48;244.48;245.58;1;1;2;1;30111.27;31362.65;4849;0;2;0;3941.75;2;2110192945;10.15;423.21;4296.25;3.29;3.36;3.4;0;0.02;3.34;419.32;1400.5;3.35;0;24592.72;0;7.53;7.51;7.52;49.93;247.26;246.01;247.2;1;5567.5;-3;1861.25;1848;1858.25;-1.75;0;-1.25;1861.25;1848;1858.25;2;1;1;4994.98;5129.68;0;195;0;0;1;2;3;0;5567.5;0;1;2110626858;12.51;428.06;5354.25;3.14;3.11;3.16;3.16;0;1.92;473.44;909;1.92;0;196713.33;49.94;247.32;245.96;246.88;1;1;2;1;29230.44;29821.61;3075;0;2;0;6194;2;2110018240;3.08;525.85;1621.25;0.88;1.03;1.08;0;0;1.99;509.03;1014.75;1.99;0;137908.8;49.94;245.68;244.81;245.51;1;1;2;1;31829.41;32465.41;5053;0;2;0;2606;2;2110183843;9.02;399.36;3600;1.83;3.62;3.53;0.01;0.01;0;0;0;0;0;139573.64;49.95;245.26;244.51;245.59;1;1;2;1;31147.55;32199.23;4703;0;2;0;3510;2;2110183847;9.62;426.76;4103.75;3.17;3.22;3.21;0.04;0.04;3.19;344.01;1096.5;3.19;0;156573.32;49.93;246.09;244.57;245.74;1;1;2;1;31542.51;32350.65;4062;0;2;0;5039.5;2;2110183895;13.8;401.69;5543.2;3.6;3.55;3.57;3.04;0;3.51;423.23;1485;3.52;0;191080.24;49.94;245.27;244.22;245.33;1;1;2;1;31600.13;32435.3;5140;0;2;0;6836.6;2;2110192909
07:35;;;;;;;7.05;417.25;2941.2;7.05;3.54;529.92;1874.8;3.54;0;37606.26;0;6.5;6.48;6.48;49.94;246.44;245.65;246.27;1;4787.2;-1.2;1602;1590.8;1594.4;-1;0;-0.2;1602;1590.8;1594.4;2;1;1;9305.94;9572.38;978;0;1;2;3;0;4787.2;0;1;305049607;7.34;418.64;3073.6;3.68;3.62;0;0;0;3.63;421.04;1528.4;3.62;0;109446.68;49.94;245.74;244.91;245.57;1;1;2;1;28747.09;29470.04;3276;0;2;0;4520;2;2110144662;7.33;417.48;3057.8;3.64;3.67;0;0;0.04;3.68;470.22;1728.4;3.68;0;119847.66;49.94;244.85;244.04;245.03;1;1;2;1;30867.18;31981.37;4518;0;2;0;4663.2;2;2110180596;5.04;334.07;1682.5;2.3;2.66;0;0.02;0.02;2.58;393.52;1014.75;2.58;0;96932.28;49.94;245.51;243.69;245.37;1;1;2;1;31032.1;32076.7;3811;0;2;0;2627.25;2;2110180969;7.39;417.41;3085.2;3.65;3.66;0;0.01;0;3.68;310.06;1140;3.67;0;103176.75;49.94;245.28;244.24;245.28;1;1;2;1;30111.37;31362.75;4849;0;2;0;4132.2;2;2110192945;10.78;418.77;4512.8;3.5;3.56;3.6;0;0.02;3.57;413.47;1473.6;3.57;0;24593.25;0;7.91;7.91;7.9;49.94;247.03;245.84;246.88;1;5848.2;-2.6;1954.2;1943.2;1950.8;-1.4;-0.2;-1;1954.2;1943.4;1950.8;2;1;1;4995.07;5129.78;0;195;0;0;1;2;3;0;5848.4;0;1;2110626858;13.37;422.39;5645.6;3.35;3.32;3.36;3.37;0;2.06;472.8;972;2.06;0;196713.93;49.94;247.02;245.75;246.54;1;1;2;1;29230.53;29821.7;3075;0;2;0;6538.4;2;2110018240;3.36;535.77;1798.2;1;1.11;1.15;0;0;2.16;503.09;1084.4;2.16;0;137909.06;49.94;245.46;244.63;245.21;1;1;2;1;31829.5;32465.5;5053;0;2;0;2841.6;2;2110183843;9.48;400.78;3796.2;1.92;3.81;3.7;0.01;0.01;0;0;0;0;0;139573.96;49.94;245.31;244.46;245.41;1;1;2;1;31147.63;32199.32;4703;0;2;0;3696;2;2110183847;10.33;419.55;4331.4;3.41;3.46;3.45;0.04;0.04;3.36;345.26;1157.6;3.34;0;156573.8;49.94;245.92;244.39;245.51;1;1;2;1;31542.6;32350.75;4062;0;2;0;5309.8;2;2110183895;14.6;405;5914.25;3.78;3.73;3.75;3.33;0;3.69;422.64;1560.5;3.69;0;191080.76;49.94;245.28;244.09;245.12;1;1;2;1;31600.2;32435.37;5140;0;2;0;7263.25;2;2110192909
07:40;;;;;;;7.38;418.19;3082.8;7.4;3.72;528.52;1965.2;3.72;0;37606.69;0;6.78;6.75;6.75;50;247.74;246.93;247.41;1;5015.6;-1;1679.2;1666.8;1669.6;-1;0;0;1679.2;1667;1669.8;2;1;1;9306.03;9572.47;978;0;1;2;3;0;5016;0;1;305049607;7.66;418.76;3205;3.84;3.78;0;0;0;3.79;420.94;1594.75;3.78;0;109447;50.02;247.04;246.19;246.73;1;1;2;1;28747.16;29470.11;3276;0;2;0;4704.75;2;2110144662;7.65;419.16;3206.8;3.8;3.82;0;0;0.04;3.86;469.7;1811.2;3.86;0;119848.08;50;246.15;245.33;246.25;1;1;2;1;30867.27;31981.46;4518;0;2;0;4895;2;2110180596;5.29;336.27;1776.8;2.4;2.81;0;0.02;0.02;2.69;397.68;1070;2.69;0;96932.52;50.01;246.72;244.98;246.54;1;1;2;1;31032.19;32076.79;3811;0;2;0;2778.4;2;2110180969;7.81;412.49;3219;3.85;3.86;0;0.01;0;3.89;306.56;1190.8;3.88;0;103177.11;50.01;246.56;245.52;246.44;1;1;2;1;30111.45;31362.83;4849;0;2;0;4321.2;2;2110192945;11.35;417.02;4731.4;3.69;3.75;3.79;0;0.02;3.75;411.14;1542;3.75;0;24593.77;0;8.26;8.24;8.25;50;248.36;247.09;248.04;1;6133.2;-3;2052.2;2036.4;2044.6;-2;0;-1;2052.2;2036.4;2044.6;2;1;1;4995.16;5129.86;0;195;0;0;1;2;3;0;6133.2;0;1;2110626858;14.17;419.55;5943.2;3.55;3.51;3.56;3.57;0;2.19;472.54;1032.6;2.19;0;196714.51;50.01;248.36;247.02;247.71;1;1;2;1;29230.62;29821.79;3075;0;2;0;6887.2;2;2110018240;3.7;534.86;1976;1.14;1.22;1.26;0;0;2.29;500.18;1147;2.3;0;137909.32;50;246.74;245.89;246.32;1;1;2;1;31829.58;32465.58;5053;0;2;0;3086.6;2;2110183843;10.05;402.98;4048.8;2.17;3.97;3.85;0.01;0.01;0;0;0;0;0;139574.29;50.02;246.63;245.81;246.69;1;1;2;1;31147.72;32199.4;4703;0;2;0;3943;2;2110183847;10.88;418.25;4550.4;3.58;3.64;3.63;0.04;0.05;3.55;343.97;1219.6;3.55;0;156574.27;50.01;247.2;245.67;246.69;1;1;2;1;31542.69;32350.83;4062;0;2;0;5589.6;2;2110183895;15.16;405.83;6150;3.94;3.87;3.89;3.41;0;3.89;416.83;1621.2;3.89;0;191081.4;50;246.58;245.43;246.34;1;1;2;1;31600.29;32435.46;5140;0;2;0;7559.6;2;2110192909
07:45;;;;;;;7.74;415.74;3217.4;7.74;3.91;524.76;2050.2;3.91;0;37607.16;0;7.06;7.03;7.02;49.99;247.92;247.13;247.74;1;5224.6;-1;1749.2;1736;1739.4;-1;0;0;1749.2;1736.2;1739.6;2;1;1;9306.12;9572.56;978;0;1;2;3;0;5225;0;1;305049607;8.01;414.83;3320.6;4.01;3.94;0.01;0;0;3.94;419.61;1650.8;3.94;0;109447.44;49.99;247.11;246.28;246.98;1;1;2;1;28747.25;29470.2;3276;0;2;0;4884;2;2110144662;7.97;419.35;3341.4;3.95;3.97;0.01;0.01;0.04;4.04;466.92;1885.8;4.04;0;119848.54;49.99;246.37;245.53;246.57;1;1;2;1;30867.36;31981.55;4518;0;2;0;5104.8;2;2110180596;5.56;342.09;1900;2.51;2.96;0;0.02;0.02;2.87;392.95;1127.8;2.86;0;96932.79;49.99;246.86;245.11;246.8;1;1;2;1;31032.28;32076.88;3811;0;2;0;2961.2;2;2110180969;8.12;412.56;3350.4;4.02;4.04;0;0.01;0;4.04;306.43;1236.8;4.04;0;103177.52;49.99;246.76;245.75;246.84;1;1;2;1;30111.54;31362.92;4849;0;2;0;4490.8;2;2110192945;11.91;411.64;4903.25;3.88;3.93;3.99;0;0.02;3.95;404.2;1597.5;3.95;0;24594.21;0;8.56;8.53;8.53;49.99;248.51;247.28;248.37;1;6353.25;-2.75;2125.75;2108.25;2119.25;-1.75;0;-1;2125.75;2108.5;2119.25;2;1;1;4995.23;5129.93;0;195;0;0;1;2;3;0;6353.5;0;1;2110626858;14.66;422.32;6191.75;3.67;3.65;3.69;3.69;0.01;2.28;475.3;1081.75;2.28;0;196715.02;49.99;248.55;247.24;248.1;1;1;2;1;29230.69;29821.86;3075;0;2;0;7194;2;2110018240;3.87;543.25;2104.25;1.2;1.28;1.32;0;0;2.4;500.94;1201.5;2.41;0;137909.55;49.99;246.78;245.94;246.56;1;1;2;1;31829.65;32465.65;5053;0;2;0;3275.5;2;2110183843;10.72;396.19;4245.5;2.43;4.17;4.06;0.01;0.01;0;0;0;0;0;139574.6;49.98;246.54;245.77;246.78;1;1;2;1;31147.79;32199.48;4703;0;2;0;4129.75;2;2110183847;11.31;419.24;4739.75;3.71;3.75;3.74;0.04;0.05;3.71;342.88;1270.75;3.74;0;156574.68;49.99;247.39;245.87;247;1;1;2;1;31542.76;32350.9;4062;0;2;0;5833;2;2110183895;15.79;407.12;6426.6;4.08;4.03;4.05;3.58;0.01;4.03;418.38;1687;4.05;0;191082.12;49.99;246.83;245.68;246.76;1;1;2;1;31600.38;32435.55;5140;0;2;0;7905.8;2;2110192909
07:50;;;;;;;8.12;411.6;3338.25;8.09;4.09;521.01;2127.5;4.08;0;37607.54;0;7.34;7.31;7.3;49.96;247.38;246.67;247.25;1;5422.75;-1;1815.25;1801.75;1805.75;-1;0;0;1815.25;1801.75;1805.75;2;1;1;9306.19;9572.63;978;0;1;2;3;0;5421.5;0;1;305049607;8.37;412.2;3449.25;4.19;4.13;0;0;0;4.14;414.88;1716.75;4.14;0;109447.8;49.96;246.49;245.72;246.39;1;1;2;1;28747.32;29470.27;3276;0;2;0;5062.25;2;2110144662;8.36;415.36;3470.5;4.15;4.17;0.02;0.01;0.04;4.18;468.18;1957.25;4.18;0;119848.91;49.97;245.74;245.04;246.01;1;1;2;1;30867.43;31981.62;4518;0;2;0;5294;2;2110180596;5.92;340.05;2011.75;2.71;3.14;0;0.02;0.02;3;396.35;1188.75;3.01;0;96933.01;49.96;246.39;244.76;246.35;1;1;2;1;31032.35;32076.95;3811;0;2;0;3110.25;2;2110180969;8.47;410.91;3479.25;4.2;4.22;0;0.01;0;4.18;307.62;1284.5;4.16;0;103177.85;49.96;246.22;245.26;246.3;1;1;2;1;30111.61;31362.99;4849;0;2;0;4658.25;2;2110192945;12.31;413.92;5094.6;4;4.07;4.13;0;0.02;4.09;406.41;1662.8;4.09;0;24594.82;0;8.9;8.88;8.88;49.97;248.17;246.93;247.96;1;6603.6;-2.6;2209.2;2192.6;2201.8;-1.8;0;-0.8;2209.2;2192.8;2201.8;2;1;1;4995.32;5130.02;0;195;0;0;1;2;3;0;6603.8;0;1;2110626858;15.43;418.71;6460.2;3.85;3.83;3.87;3.87;0;2.42;471.7;1139.8;2.41;0;196715.7;49.97;248.19;246.88;247.66;1;1;2;1;29230.78;29821.95;3075;0;2;0;7499;2;2110018240;4.21;539;2267.8;1.32;1.38;1.43;0;0;2.54;500.25;1269.6;2.54;0;137909.86;49.97;246.43;245.63;246.14;1;1;2;1;31829.75;32465.74;5053;0;2;0;3492.2;2;2110183843;11.16;393.41;4390.6;2.51;4.36;4.26;0.01;0.01;0;0;0;0;0;139574.98;49.97;246.04;245.3;246.27;1;1;2;1;31147.88;32199.57;4703;0;2;0;4263.6;2;2110183847;11.74;421.17;4943.2;3.89;3.94;3.91;0.04;0.05;3.9;339.63;1322.4;3.9;0;156575.23;49.97;246.92;245.47;246.54;1;1;2;1;31542.85;32350.99;4062;0;2;0;6075.6;2;2110183895;16.67;404.6;6742;4.27;4.23;4.25;3.91;0.01;4.21;416.33;1752.25;4.21;0;191082.7;49.96;246.41;245.33;246.39;1;1;2;1;31600.45;32435.62;5140;0;2;0;8262;2;2110192909
07:55;;;;;;;8.47;407.84;3455.4;8.48;4.25;518.62;2203;4.25;0;37608.02;0;7.59;7.56;7.56;49.93;247.41;246.77;247.21;1;5611.2;-1;1878.2;1865.2;1867.8;-1;0;0;1878.2;1865.2;1868;2;1;1;9306.28;9572.71;978;0;1;2;3;0;5611.4;0;1;305049607;8.69;411.07;3573;4.36;4.3;0;0;0;4.27;415.98;1776.83;4.26;0;109448.34;49.92;246.58;245.94;246.46;1;1;2;1;28747.42;29470.37;3276;0;2;0;5247.33;2;2110144662;8.67;413.66;3586.2;4.31;4.33;0.02;0.02;0.04;4.34;466.01;2021.6;4.34;0;119849.38;49.93;245.78;245.16;245.98;1;1;2;1;30867.51;31981.7;4518;0;2;0;5472.2;2;2110180596;6.16;340.54;2097.4;2.81;3.29;0;0.02;0.02;3.13;396.96;1240;3.13;0;96933.28;49.94;246.37;244.83;246.3;1;1;2;1;31032.44;32077.04;3811;0;2;0;3255;2;2110180969;8.81;407.9;3594.8;4.36;4.38;0;0.01;0;4.34;305.66;1325.8;4.34;0;103178.26;49.94;246.13;245.27;246.14;1;1;2;1;30111.7;31363.08;4849;0;2;0;4816.8;2;2110192945;12.92;409.78;5294;4.21;4.27;4.33;0;0.02;4.26;406.09;1729;4.26;0;24595.4;0;9.24;9.22;9.23;49.94;248.18;247.05;247.99;1;6859.6;-2;2293.4;2278;2288.2;-1.2;0;-0.8;2293.4;2278.2;2288.2;2;1;1;4995.41;5130.11;0;195;0;0;1;2;3;0;6859.8;0;1;2110626858;16.23;414.43;6726.8;4.07;4.03;4.08;4.08;0;2.56;468.6;1197.2;2.56;0;196716.36;49.93;248.05;246.88;247.54;1;1;2;1;29230.87;29822.03;3075;0;2;0;7820.4;2;2110018240;4.6;531.37;2440.8;1.45;1.52;1.56;0;0;2.67;500.12;1332.2;2.66;0;137910.18;49.93;246.4;245.72;246.14;1;1;2;1;31829.83;32465.83;5053;0;2;0;3724.6;2;2110183843;11.66;399.23;4656;2.79;4.49;4.33;0.01;0.01;0;0;0;0;0;139575.36;49.91;246.07;245.48;246.28;1;1;2;1;31147.97;32199.65;4703;0;2;0;4528;2;2110183847;12.32;418.19;5149.4;4.07;4.12;4.1;0.05;0.05;4.1;336.92;1379.2;4.1;0;156575.78;49.93;246.8;245.42;246.37;1;1;2;1;31542.94;32351.08;4062;0;2;0;6332.4;2;2110183895;17.15;406.21;6967.2;4.41;4.36;4.39;4;0.02;4.35;416.25;1811.6;4.35;0;191083.43;49.93;246.5;245.52;246.44;1;1;2;1;31600.53;32435.71;5140;0;2;0;8546.8;2;2110192909
08:00;;;;;;;8.71;411.49;3580.6;8.7;4.38;521.41;2284.2;4.38;0;37608.57;0;7.86;7.82;7.81;49.91;247.94;247.16;247.53;1;5813.2;-1;1947.8;1931.8;1933.6;-1;0;0;1947.8;1931.6;1933.8;2;1;1;9306.37;9572.81;978;0;1;2;3;0;5813.2;0;1;305049607;8.86;417.38;3696.25;4.44;4.37;0.02;0;0;4.5;409.61;1840.75;4.5;0;109448.76;49.93;247.15;246.34;246.77;1;1;2;1;28747.5;29470.45;3276;0;2;0;5438.25;2;2110144662;9;411.07;3699.5;4.47;4.48;0.02;0.02;0.04;4.51;462.44;2086.25;4.52;0;119849.79;49.91;246.31;245.61;246.34;1;1;2;1;30867.59;31981.78;4518;0;2;0;5644.5;2;2110180596;6.5;337.76;2193.2;2.95;3.45;0.01;0.02;0.02;3.29;394.12;1295.4;3.28;0;96933.6;49.91;246.88;245.23;246.59;1;1;2;1;31032.53;32077.13;3811;0;2;0;3400;2;2110180969;9.13;407.25;3717;4.53;4.53;0;0.01;0;4.55;301.32;1371;4.55;0;103178.73;49.91;246.74;245.72;246.55;1;1;2;1;30111.79;31363.17;4849;0;2;0;4982.8;2;2110192945;13.44;406.62;5464;4.38;4.44;4.5;0;0.02;4.38;406.71;1782.5;4.38;0;24595.91;0;9.51;9.5;9.5;49.92;248.66;247.49;248.32;1;7074;-2.25;2365.5;2349.75;2358.75;-1.25;0;-1;2365.5;2350.25;2358.75;2;1;1;4995.48;5130.18;0;195;0;0;1;2;3;0;7074.5;0;1;2110626858;16.75;415.6;6962.75;4.2;4.17;4.21;4.21;0;2.66;468.42;1247.5;2.66;0;196716.95;49.91;248.64;247.36;247.95;1;1;2;1;29230.94;29822.11;3075;0;2;0;8101.75;2;2110018240;4.89;530.63;2596.5;1.57;1.6;1.64;0;0;2.79;496.65;1385.75;2.8;0;137910.47;49.91;247.02;246.24;246.57;1;1;2;1;31829.9;32465.9;5053;0;2;0;3932.25;2;2110183843;12.35;390.69;4824.75;3.05;4.7;4.58;0;0.01;0;0;0;0;0;139575.72;49.92;246.66;245.85;246.6;1;1;2;1;31148.04;32199.73;4703;0;2;0;4695.5;2;2110183847;12.83;414.79;5321.75;4.24;4.3;4.26;0.05;0.05;4.26;334.47;1425.5;4.26;0;156576.25;49.91;247.45;246.04;246.85;1;1;2;1;31543.01;32351.15;4062;0;2;0;6537.5;2;2110183895;17.78;406.67;7228.2;4.55;4.5;4.53;4.16;0.02;4.55;411.07;1869.4;4.54;0;191084.26;49.91;247.03;245.92;246.75;1;1;2;1;31600.63;32435.8;5140;0;2;0;8855.8;2;2110192909
08:05;;;;;;;8.98;412.39;3702.25;8.98;4.55;519.28;2361.75;4.55;0;37609.01;0;8.14;8.1;8.1;49.91;247.2;246.36;246.71;1;6004.5;-1;2011.25;1995.25;1998;-1;0;0;2011.25;1995.5;1998.5;2;1;1;9306.44;9572.88;978;0;1;2;3;0;6005.25;0;1;305049607;9.36;408.22;3818.6;4.69;4.62;0.02;0;0;4.62;411.07;1897.2;4.61;0;109449.25;49.91;246.33;245.49;245.93;1;1;2;1;28747.59;29470.54;3276;0;2;0;5609;2;2110144662;9.27;412.3;3822.2;4.62;4.64;0.02;0.02;0.04;4.67;461.16;2152.8;4.66;0;119850.34;49.9;245.64;244.83;245.64;1;1;2;1;30867.68;31981.87;4518;0;2;0;5822.8;2;2110180596;6.45;354.37;2280.75;2.87;3.57;0.01;0.02;0.02;3.47;388.42;1347;3.45;0;96933.86;49.91;246.1;244.41;245.75;1;1;2;1;31032.6;32077.2;3811;0;2;0;3536;2;2110180969;9.45;404.92;3827.75;4.67;4.67;0;0.01;0;4.73;299.12;1413;4.69;0;103179.1;49.91;245.98;244.96;245.76;1;1;2;1;30111.87;31363.25;4849;0;2;0;5136.75;2;2110192945;13.89;406.15;5640;4.52;4.59;4.66;0;0.03;4.56;403.37;1840.4;4.56;0;24596.6;0;9.85;9.84;9.85;49.91;248;246.68;247.57;1;7306.6;-2;2443.6;2426.2;2436.8;-1.2;0;-0.8;2443.6;2426.4;2436.8;2;1;1;4995.57;5130.28;0;195;0;0;1;2;3;0;7306.8;0;1;2110626858;17.37;414.82;7206;4.36;4.32;4.37;4.36;0;2.79;467.69;1303;2.78;0;196717.74;49.9;247.91;246.5;247.11;1;1;2;1;29231.03;29822.2;3075;0;2;0;8384.8;2;2110018240;5.18;533.5;2764.2;1.68;1.7;1.74;0;0;2.91;496.62;1445.4;2.91;0;137910.86;49.9;246.33;245.42;245.76;1;1;2;1;31830;32466;5053;0;2;0;4151.4;2;2110183843;12.39;397.22;4919.8;2.9;4.8;4.62;0;0.01;0;0;0;0;0;139576.14;49.9;245.66;244.86;245.62;1;1;2;1;31148.13;32199.82;4703;0;2;0;4785.6;2;2110183847;13.34;413.53;5513.8;4.41;4.46;4.43;0.05;0.05;4.41;336.01;1479.8;4.41;0;156576.89;49.91;246.74;245.2;246.1;1;1;2;1;31543.11;32351.25;4062;0;2;0;6773;2;2110183895;18.55;405.97;7530.75;4.72;4.67;4.7;4.46;0.02;4.7;410.83;1929.75;4.7;0;191084.93;49.91;246.39;245.2;246.06;1;1;2;1;31600.7;32435.88;5140;0;2;0;9207.25;2;2110192909
08:10;;;;;;;9.39;406.52;3816.83;9.37;4.75;512.91;2433.5;4.75;0;37609.6;0;8.38;8.34;8.34;49.96;247.38;246.47;246.82;1;6185.5;-1;2073.33;2054.83;2057.33;-1;0;0;2073.5;2054.67;2058;2;1;1;9306.54;9572.98;978;0;1;2;3;0;6186.17;0;1;305049607;9.64;408.55;3939.8;4.83;4.76;0.02;0;0;4.82;405.76;1956.4;4.82;0;109449.72;49.98;246.61;245.76;246.13;1;1;2;1;28747.67;29470.62;3276;0;2;0;5785.8;2;2110144662;9.66;407.71;3936.8;4.8;4.82;0.02;0.02;0.05;4.85;457.08;2215;4.85;0;119850.83;49.95;245.68;244.87;245.57;1;1;2;1;30867.76;31981.95;4518;0;2;0;6001.2;2;2110180596;6.62;360.06;2383;2.87;3.71;0.01;0.02;0.02;3.59;389.88;1399.83;3.6;0;96934.22;49.96;246.21;244.48;245.81;1;1;2;1;31032.7;32077.3;3811;0;2;0;3696.5;2;2110180969;9.82;400.13;3928.8;4.88;4.87;0;0.01;0;4.82;300.61;1448;4.82;0;103179.53;49.96;246.15;245.06;245.82;1;1;2;1;30111.95;31363.33;4849;0;2;0;5269;2;2110192945;14.26;407.96;5815;4.63;4.72;4.78;0;0.03;4.74;400.78;1897.2;4.74;0;24597.21;0;10.16;10.13;10.14;49.96;248.07;246.76;247.59;1;7530;-2.2;2519.6;2499.8;2510.6;-1.4;0;-0.8;2519.4;2500.6;2511;2;1;1;4995.66;5130.36;0;195;0;0;1;2;3;0;7531;0;1;2110626858;17.84;416.51;7429.4;4.49;4.45;4.49;4.48;0;2.88;469.44;1350.6;2.88;0;196718.45;49.96;248.06;246.61;247.22;1;1;2;1;29231.12;29822.28;3075;0;2;0;8661;2;2110018240;5.52;528.72;2920.8;1.79;1.81;1.85;0;0;3.01;498.5;1498.6;3.01;0;137911.21;49.95;246.28;245.38;245.69;1;1;2;1;31830.08;32466.08;5053;0;2;0;4354.6;2;2110183843;12.99;388.68;5049.2;3.04;5.01;4.87;0;0.01;0;0;0;0;0;139576.54;49.97;245.99;245.12;245.82;1;1;2;1;31148.21;32199.9;4703;0;2;0;4914;2;2110183847;13.66;415.28;5671.2;4.53;4.58;4.54;0.05;0.05;4.57;334;1526.2;4.57;0;156577.46;49.96;246.93;245.41;246.19;1;1;2;1;31543.19;32351.33;4062;0;2;0;6982.2;2;2110183895;19.21;403.9;7757.67;4.86;4.82;4.85;4.6;0.02;4.87;408.81;1989.33;4.85;0;191085.84;49.96;246.56;245.39;246.17;1;1;2;1;31600.8;32435.97;5140;0;2;0;9487.17;2;2110192909
08:15;;;;;;;9.74;403.91;3930.75;9.74;4.87;515.51;2508;4.87;0;37610.07;0;8.62;8.58;8.58;49.93;247.4;246.57;246.94;1;6364.25;-1;2132;2114.5;2117.75;-1;0;0;2132;2114.75;2118.5;2;1;1;9306.61;9573.05;978;0;1;2;3;0;6365.25;0;1;305049607;9.9;408.56;4042.75;4.96;4.88;0.02;0;0;4.95;405.81;2007.75;4.95;0;109450.16;49.93;246.64;245.77;246.24;1;1;2;1;28747.74;29470.69;3276;0;2;0;5924.75;2;2110144662;9.91;408.87;4052.2;4.96;4.97;0.02;0.02;0.05;5.04;453.07;2282;5.03;0;119851.38;49.93;245.85;245.01;245.8;1;1;2;1;30867.85;31982.04;4518;0;2;0;6169.6;2;2110180596;7.09;352.11;2495.5;3.15;3.87;0.02;0.02;0.02;3.76;386.81;1452;3.75;0;96934.5;49.93;246.29;244.61;245.97;1;1;2;1;31032.77;32077.37;3811;0;2;0;3844.75;2;2110180969;10.07;401.36;4041.6;4.99;4.98;0;0.01;0;4.98;299.45;1491.8;4.99;0;103180.01;49.94;246.19;245.12;245.94;1;1;2;1;30112.04;31363.42;4849;0;2;0;5410.4;2;2110192945;14.77;405.7;5992.6;4.81;4.88;4.96;0;0.03;4.88;400.33;1954.2;4.88;0;24597.9;0;10.45;10.43;10.44;49.93;248.12;246.8;247.67;1;7752.6;-2.2;2593.6;2574;2585;-1.2;0;-1;2593.6;2574.6;2585;2;1;1;4995.74;5130.45;0;195;0;0;1;2;3;0;7753.2;0;1;2110626858;18.78;408.42;7665.8;4.74;4.68;4.74;4.72;0;3.02;464.52;1399.6;3.02;0;196719.24;49.93;248.07;246.68;247.31;1;1;2;1;29231.2;29822.37;3075;0;2;0;8923.6;2;2110018240;5.79;531.95;3076.6;1.88;1.9;1.95;0;0;3.15;491.77;1550.6;3.15;0;137911.61;49.94;246.48;245.58;245.94;1;1;2;1;31830.17;32466.17;5053;0;2;0;4559;2;2110183843;13.61;385.84;5250;3.34;5.16;5.02;0;0.01;0;0;0;0;0;139576.91;49.93;246.02;245.2;245.93;1;1;2;1;31148.29;32199.97;4703;0;2;0;5090.25;2;2110183847;14.16;413.27;5849.8;4.71;4.75;4.72;0.05;0.05;4.69;336.2;1575.2;4.7;0;156578.1;49.94;246.91;245.39;246.25;1;1;2;1;31543.28;32351.42;4062;0;2;0;7190.2;2;2110183895;19.84;402.25;7980.5;5.04;4.99;5.03;4.79;0.02;5.04;405.73;2045.25;5.04;0;191086.56;49.92;246.69;245.48;246.34;1;1;2;1;31600.87;32436.04;5140;0;2;0;9755;2;2110192909
08:20;;;;;;;10.01;404.17;4044.6;9.99;5.02;514.52;2581;5.03;0;37610.62;0;8.86;8.82;8.82;49.95;247.85;246.88;247.03;1;6550.8;-1;2195.8;2176.4;2178.6;-1;0;0;2195.8;2176.8;2178.8;2;1;1;9306.7;9573.14;978;0;1;2;3;0;6551.4;0;1;305049607;10.19;407.19;4150;5.1;5.02;0.02;0;0.01;5.07;407.06;2062.4;5.08;0;109450.66;49.95;247.03;246.05;246.31;1;1;2;1;28747.83;29470.78;3276;0;2;0;6096.2;2;2110144662;10.22;408.81;4175.6;5.08;5.1;0.02;0.02;0.05;5.2;451.84;2350.2;5.2;0;119851.89;49.95;246.16;245.23;245.78;1;1;2;1;30867.93;31982.12;4518;0;2;0;6360.6;2;2110180596;7.45;348.69;2597.6;3.39;4.02;0.02;0.02;0.02;3.85;389.85;1500.4;3.86;0;96934.83;49.95;246.77;244.99;246.09;1;1;2;1;31032.86;32077.46;3811;0;2;0;3993.4;2;2110180969;10.38;400.46;4154.4;5.17;5.18;0;0.01;0;5.1;300.29;1532;5.07;0;103180.47;49.95;246.61;245.41;246.01;1;1;2;1;30112.12;31363.5;4849;0;2;0;5566.2;2;2110192945;15.26;405.18;6184.4;4.88;4.97;5.04;0;0.03;5.08;397.09;2015.4;5.08;0;24598.57;0;10.61;10.74;10.75;49.95;248.66;247.15;247.85;1;7994;-2;2676.6;2653.6;2663.8;-1.6;0;-0.4;2636.8;2613;2624.2;2;1;1;4995.83;5130.53;0;195;0;0;1;2;3;0;7874;0;1;2110626858;19.48;407.32;7932.6;4.91;4.86;4.91;4.88;0;3.17;460.38;1460.2;3.17;0;196720.01;49.95;248.52;246.98;247.35;1;1;2;1;29231.29;29822.46;3075;0;2;0;9250.8;2;2110018240;6.12;530.01;3245.6;1.99;2.02;2.06;0;0;3.3;489.95;1617.4;3.3;0;137912.01;49.96;246.97;245.89;246.04;1;1;2;1;31830.25;32466.25;5053;0;2;0;4791.8;2;2110183843;14.09;384.41;5414.8;3.52;5.32;5.17;0;0.01;0;0;0;0;0;139577.35;49.96;246.47;245.51;246.05;1;1;2;1;31148.37;32200.06;4703;0;2;0;5275;2;2110183847;14.77;409.71;6049.6;4.92;4.97;4.92;0.05;0.06;4.93;330.25;1627;4.92;0;156578.71;49.95;247.4;245.78;246.38;1;1;2;1;31543.36;32351.5;4062;0;2;0;7441.6;2;2110183895;20.58;397.93;8190.4;5.22;5.18;5.21;4.98;0.02;5.13;409;2097.2;5.13;0;191087.4;49.95;247.29;245.94;246.6;1;1;2;1;31600.95;32436.13;5140;0;2;0;10017.4;2;2110192909
08:25;;;;;;;10.34;402.56;4161.6;10.34;5.18;512.39;2655;5.18;0;37611.19;0;9.1;9.06;9.05;49.99;247.88;247.05;247.33;1;6730.8;-1;2255;2237;2238.8;-1;0;0;2255.6;2238;2239.8;2;1;1;9306.78;9573.22;978;0;1;2;3;0;6733.4;0;1;305049607;10.52;405.18;4260.6;5.27;5.18;0.02;0;0.01;5.18;409.13;2116.8;5.18;0;109451.2;49.99;246.99;246.19;246.5;1;1;2;1;28747.91;29470.86;3276;0;2;0;6254.8;2;2110144662;10.58;405.57;4288.4;5.27;5.28;0.02;0.02;0.07;5.3;455.14;2413.4;5.3;0;119852.46;49.99;246.1;245.37;246.02;1;1;2;1;30868.02;31982.21;4518;0;2;0;6530.4;2;2110180596;7.75;347.14;2691.2;3.52;4.16;0.02;0.02;0.02;3.96;390.88;1545.8;3.96;0;96935.19;50;246.64;245.04;246.24;1;1;2;1;31032.94;32077.54;3811;0;2;0;4140.2;2;2110180969;10.7;398.26;4262;5.3;5.3;0;0.01;0;5.25;299.31;1569.6;5.26;0;103180.97;50;246.61;245.59;246.29;1;1;2;1;30112.21;31363.59;4849;0;2;0;5714.8;2;2110192945;15.63;406.35;6349;5.08;5.17;5.24;0.01;0.03;5.21;397.67;2070.6;5.21;0;24599.27;0;11.05;11.02;11.03;49.99;248.57;247.26;248.07;1;8205;-1.6;2746.4;2723.4;2735.2;-1.2;0;-0.4;2746.4;2723.8;2735.6;2;1;1;4995.91;5130.62;0;195;0;0;1;2;3;0;8205.8;0;1;2110626858;19.98;408.54;8161.8;5.04;4.99;5.04;5.01;0;3.27;461.54;1507.8;3.27;0;196720.83;49.99;248.54;247.12;247.66;1;1;2;1;29231.37;29822.54;3075;0;2;0;9524.6;2;2110018240;6.33;534.91;3383.75;2.07;2.09;2.13;0;0;3.39;490.99;1662.25;3.4;0;137912.37;49.99;246.78;245.88;246.15;1;1;2;1;31830.32;32466.32;5053;0;2;0;4975.75;2;2110183843;14.4;388.29;5588.6;3.63;5.44;5.27;0;0.01;0;0;0;0;0;139577.82;49.99;246.33;245.57;246.18;1;1;2;1;31148.46;32200.14;4703;0;2;0;5435.2;2;2110183847;15.16;409.7;6212.25;5.04;5.09;5.04;0.05;0.06;5.08;328.73;1670.5;5.08;0;156579.25;49.99;247.36;245.89;246.6;1;1;2;1;31543.43;32351.57;4062;0;2;0;7629.25;2;2110183895;21.05;400.07;8419;5.35;5.29;5.33;5.07;0.02;5.32;405.05;2154.4;5.32;0;191088.28;49.99;247.22;246.06;246.81;1;1;2;1;31601.04;32436.22;5140;0;2;0;10295.4;2;2110192909
08:30;;;;;;;10.55;403.21;4252.5;10.53;5.31;511.7;2714;5.31;0;37611.7;0;9.3;9.26;9.26;50.01;247.55;246.59;247.06;1;6874.75;-1;2303;2283.75;2288;-1;0;0;2303;2284.25;2288.5;2;1;1;9306.86;9573.29;978;0;1;2;3;0;6875.75;0;1;305049607;10.83;403.24;4366.4;5.44;5.35;0.02;0;0.01;5.34;406.6;2169.6;5.32;0;109451.8;50;246.45;245.39;245.9;1;1;2;1;28748.01;29470.96;3276;0;2;0;6405.8;2;2110144662;10.77;406.79;4382.5;5.38;5.4;0.02;0.02;0.07;5.43;453.86;2465.5;5.42;0;119852.96;50.01;245.85;245.01;245.8;1;1;2;1;30868.1;31982.29;4518;0;2;0;6666.25;2;2110180596;8.14;340.13;2769.5;3.76;4.3;0.02;0.02;0.02;4.1;387.13;1587.75;4.1;0;96935.5;50.01;246.36;244.69;246.01;1;1;2;1;31033.02;32077.62;3811;0;2;0;4249.75;2;2110180969;10.98;396.19;4349.5;5.46;5.47;0;0.01;0;5.42;295.97;1604.25;5.4;0;103181.4;50.01;246.28;245.09;245.97;1;1;2;1;30112.28;31363.66;4849;0;2;0;5821.75;2;2110192945;15.97;406.38;6490.75;5.18;5.29;5.36;0;0.03;5.3;399.26;2117.25;5.3;0;24599.89;0;11.31;11.28;11.3;50.01;248.28;246.8;247.82;1;8391.25;-2;2806.75;2784.75;2799.75;-1;0;-0.75;2807;2785.25;2799.5;2;1;1;4995.99;5130.69;0;195;0;0;1;2;3;0;8391.75;0;1;2110626858;20.47;407.75;8346.75;5.17;5.11;5.15;5.12;0;3.37;460.81;1554.25;3.37;0;196721.55;50.01;248.23;246.69;247.41;1;1;2;1;29231.45;29822.62;3075;0;2;0;9744.75;2;2110018240;6.62;532.66;3524.2;2.16;2.18;2.22;0;0;3.51;488.72;1713;3.51;0;137912.82;50.01;246.67;245.64;246.06;1;1;2;1;31830.41;32466.41;5053;0;2;0;5161.8;2;2110183843;14.76;388.16;5724.4;3.76;5.58;5.41;0;0.01;0;0;0;0;0;139578.34;50;245.77;244.79;245.58;1;1;2;1;31148.55;32200.24;4703;0;2;0;5564.8;2;2110183847;15.58;407.77;6352;5.19;5.24;5.19;0.05;0.07;5.2;328.89;1709;5.18;0;156579.95;50;247.13;245.58;246.46;1;1;2;1;31543.52;32351.66;4062;0;2;0;7807.4;2;2110183895;21.54;399.75;8608.25;5.46;5.41;5.45;5.15;0.02;5.44;404.76;2200.5;5.42;0;191089.06;50.01;247.06;245.76;246.68;1;1;2;1;31601.11;32436.29;5140;0;2;0;10516;2;2110192909
08:35;;;;;;;10.67;407.67;4348.4;10.71;5.49;506.58;2778;5.47;0;37612.34;0;9.54;9.5;9.49;49.98;247.12;245.92;246.27;1;7031.4;-1;2357.2;2336.4;2337.8;-1;0;0;2357.2;2336.6;2338.2;2;1;1;9306.95;9573.39;978;0;1;2;3;0;7032;0;1;305049607;11.18;399.5;4466.75;5.59;5.49;0.02;0;0.02;5.53;402.01;2222;5.55;0;109452.27;49.98;246.54;245.4;245.81;1;1;2;1;28748.08;29471.03;3276;0;2;0;6548.75;2;2110144662;11.11;403.76;4482.4;5.53;5.54;0.02;0.02;0.07;5.6;450.42;2523;5.6;0;119853.58;49.98;245.38;244.32;245.04;1;1;2;1;30868.19;31982.38;4518;0;2;0;6818.2;2;2110180596;8.39;340.93;2859.6;3.85;4.44;0.02;0.02;0.02;4.23;386.42;1635.6;4.24;0;96935.9;49.98;245.97;244.05;245.28;1;1;2;1;31033.11;32077.71;3811;0;2;0;4383.4;2;2110180969;11.32;393.92;4459.6;5.63;5.63;0;0.01;0;5.58;294.27;1642.8;5.58;0;103181.94;49.98;245.81;244.42;245.2;1;1;2;1;30112.37;31363.75;4849;0;2;0;5962.4;2;2110192945;16.75;396.64;6641.6;5.45;5.54;5.6;0.01;0.03;5.43;399.23;2167.6;5.43;0;24600.67;0;11.59;11.58;11.58;49.98;247.84;246.16;247.04;1;8580.6;-1.4;2872;2849.2;2859.4;-1.4;0;0;2871.6;2849.6;2859.8;2;1;1;4996.08;5130.78;0;195;0;0;1;2;3;0;8581;0;1;2110626858;21.01;407.45;8558.2;5.31;5.25;5.29;5.25;0;3.49;458.63;1601;3.49;0;196722.46;49.98;247.77;246;246.62;1;1;2;1;29231.54;29822.71;3075;0;2;0;9985;2;2110018240;6.99;528.52;3691;2.27;2.29;2.34;0;0;3.65;484.84;1767.6;3.64;0;137913.31;49.98;246.09;244.84;245.19;1;1;2;1;31830.5;32466.5;5053;0;2;0;5372.4;2;2110183843;15.66;382.28;5980.25;4.22;5.77;5.62;0;0.01;0;0;0;0;0;139578.75;49.98;245.85;244.82;245.49;1;1;2;1;31148.62;32200.31;4703;0;2;0;5801;2;2110183847;15.97;408.35;6519.8;5.33;5.37;5.32;0.06;0.07;5.35;328.5;1755.2;5.33;0;156580.68;49.97;246.54;244.81;245.58;1;1;2;1;31543.61;32351.75;4062;0;2;0;8004.8;2;2110183895;22.2;396.9;8809.2;5.61;5.56;5.6;5.3;0.02;5.6;401.95;2250.6;5.57;0;191090.04;49.98;246.64;245.14;246.01;1;1;2;1;31601.21;32436.38;5140;0;2;0;10759;2;2110192909
08:40;;;;;;;11.04;403.36;4452.2;11.04;5.6;507.52;2839.6;5.6;0;37612.96;0;9.74;9.7;9.7;50.04;247.38;246.25;246.58;1;7190.4;-1;2409.8;2389.6;2391;-1;0;0;2409.8;2389.8;2391.2;2;1;1;9307.04;9573.47;978;0;1;2;3;0;7190.8;0;1;305049607;11.36;401.49;4559.6;5.69;5.6;0.02;0;0.02;5.67;400.07;2267.4;5.67;0;109452.84;50.04;246.58;245.5;245.86;1;1;2;1;28748.16;29471.12;3276;0;2;0;6679.6;2;2110144662;11.39;402.6;4582.2;5.66;5.67;0.02;0.02;0.07;5.76;446.4;2570.6;5.78;0;119854.17;50.04;245.69;244.66;245.36;1;1;2;1;30868.27;31982.46;4518;0;2;0;6955;2;2110180596;8.69;338.2;2937.6;4.02;4.58;0.02;0.02;0.02;4.4;381.95;1679.2;4.39;0;96936.29;50.04;246.24;244.41;245.57;1;1;2;1;31033.2;32077.8;3811;0;2;0;4502.2;2;2110180969;11.54;393.92;4546;5.75;5.73;0;0.01;0;5.7;294.27;1675.8;5.7;0;103182.46;50.04;246.04;244.7;245.47;1;1;2;1;30112.46;31363.84;4849;0;2;0;6074.2;2;2110192945;17.07;398.45;6800.2;5.56;5.65;5.72;0.01;0.03;5.63;394.38;2219.8;5.63;0;24601.43;0;11.85;11.84;11.83;50.04;248.14;246.53;247.39;1;8784.8;-1;2939.4;2918.4;2927;-1;0;0;2939.4;2918.4;2927.6;2;1;1;4996.17;5130.87;0;195;0;0;1;2;3;0;8785.4;0;1;2110626858;21.49;406.86;8740.2;5.46;5.39;5.42;5.37;0;3.63;453.13;1644;3.62;0;196723.33;50.04;248.11;246.41;247.01;1;1;2;1;29231.63;29822.79;3075;0;2;0;10211.6;2;2110018240;7.26;526.34;3822.25;2.37;2.4;2.44;0;0;3.76;482.42;1810.75;3.75;0;137913.69;50.04;246.46;245.27;245.56;1;1;2;1;31830.57;32466.57;5053;0;2;0;5544.25;2;2110183843;17.02;367.52;6252.6;5.05;6;5.91;0;0.01;0;0;0;0;0;139579.27;50.04;245.87;244.8;245.48;1;1;2;1;31148.71;32200.39;4703;0;2;0;6074;2;2110183847;16.3;408.16;6651;5.43;5.47;5.41;0.07;0.07;5.47;327.27;1790.25;5.47;0;156581.24;50.04;246.83;245.1;245.83;1;1;2;1;31543.68;32351.82;4062;0;2;0;8163.75;2;2110183895;22.66;399.55;9053;5.73;5.68;5.72;5.54;0.02;5.7;403.31;2298;5.7;0;191090.98;50.04;247.01;245.57;246.36;1;1;2;1;31601.29;32436.47;5140;0;2;0;11026.6;2;2110192909
08:45;;;;;;;11.47;395.31;4532;11.47;5.78;500.47;2891.5;5.78;0;37613.49;0;9.93;9.89;9.89;49.94;246.76;245.79;246.06;1;7313.5;-1;2450;2431.25;2432.25;-1;0;0;2450;2431.75;2433;2;1;1;9307.11;9573.55;978;0;1;2;3;0;7314.75;0;1;305049607;11.53;401.85;4631.5;5.78;5.69;0.02;0;0.02;5.77;399.75;2305.25;5.77;0;109453.33;49.94;246.07;245.13;245.47;1;1;2;1;28748.24;29471.19;3276;0;2;0;6792;2;2110144662;11.7;399.18;4667.75;5.79;5.82;0.02;0.02;0.07;5.84;448.69;2620.25;5.86;0;119854.69;49.94;245.28;244.38;245.05;1;1;2;1;30868.35;31982.54;4518;0;2;0;7090;2;2110180596;8.93;337.78;3015.5;4.13;4.72;0.02;0.02;0.03;4.51;381.54;1720.5;4.51;0;96936.62;49.94;245.78;244.1;245.21;1;1;2;1;31033.27;32077.87;3811;0;2;0;4624;2;2110180969;11.82;392.3;4637.5;5.88;5.86;0.01;0.01;0.02;5.77;295.89;1707.25;5.79;0;103182.91;49.94;245.46;244.26;244.98;1;1;2;1;30112.53;31363.91;4849;0;2;0;6200.5;2;2110192945;17.42;397.48;6922.5;5.66;5.77;5.84;0.02;0.03;5.73;394.25;2260;5.73;0;24602.08;0;12.08;12.06;12.07;49.94;247.64;246.17;246.97;1;8939.75;-1.25;2991;2969;2979.75;-1.25;0;0;2991;2970;2980.25;2;1;1;4996.24;5130.94;0;195;0;0;1;2;3;0;8941.25;0;1;2110626858;22.14;402.82;8915;5.59;5.53;5.55;5.5;0;3.7;455.88;1685.75;3.69;0;196724.09;49.94;247.57;245.98;246.55;1;1;2;1;29231.7;29822.87;3075;0;2;0;10417.5;2;2110018240;7.51;527.36;3959.4;2.45;2.48;2.52;0;0;3.84;483.42;1854.6;3.84;0;137914.21;49.96;245.93;244.88;245.17;1;1;2;1;31830.66;32466.66;5053;0;2;0;5723.6;2;2110183843;17.17;370.71;6362.5;5.01;6.11;6;0;0.01;0;0;0;0;0;139579.73;49.94;245.42;244.51;245.14;1;1;2;1;31148.78;32200.47;4703;0;2;0;6178.75;2;2110183847;16.8;403.5;6779.4;5.6;5.65;5.59;0.07;0.07;5.55;328.63;1823.4;5.55;0;156581.99;49.97;246.54;244.95;245.7;1;1;2;1;31543.77;32351.91;4062;0;2;0;8330.8;2;2110183895;23.34;397.97;9287.5;5.87;5.82;5.86;5.85;0.02;5.85;400.32;2342.5;5.85;0;191091.8;49.94;246.55;245.19;246.02;1;1;2;1;31601.36;32436.54;5140;0;2;0;11300.75;2;2110192909
